Format Version,1.21,Take Name,Take 2016-01-05 03.49.50 PM,Capture Frame Rate,120.000000,Export Frame Rate,120.000000,Capture Start Time,2016-01-05 03.49.50.755 PM,Total Frames in Take,250,Total Exported Frames,250,Rotation Type,Quaternion,Length Units,Meters,Coordinate Space,Global

,,Rigid Body,Rigid Body,Rigid Body,Rigid Body,Rigid Body,Rigid Body,Rigid Body,Rigid Body,Rigid Body Marker,Rigid Body Marker,Rigid Body Marker,Rigid Body Marker,Rigid Body Marker,Rigid Body Marker,Rigid Body Marker,Rigid Body Marker,Rigid Body Marker,Rigid Body Marker,Rigid Body Marker,Rigid Body Marker,Marker,Marker,Marker,Marker,Marker,Marker,Marker,Marker,Marker,Marker,Marker,Marker,Marker,Marker,Marker,Marker,Marker,Marker,Marker,Marker,Marker,Marker,Marker,Marker,Marker,Marker,Marker
,,Rigid Body 1,Rigid Body 1,Rigid Body 1,Rigid Body 1,Rigid Body 1,Rigid Body 1,Rigid Body 1,Rigid Body 1,Rigid Body 1_1,Rigid Body 1_1,Rigid Body 1_1,Rigid Body 1_1,Rigid Body 1_2,Rigid Body 1_2,Rigid Body 1_2,Rigid Body 1_2,Rigid Body 1_3,Rigid Body 1_3,Rigid Body 1_3,Rigid Body 1_3,Unlabeled:108,Unlabeled:108,Unlabeled:108,Unlabeled:110,Unlabeled:110,Unlabeled:110,Unlabeled:111,Unlabeled:111,Unlabeled:111,Rigid Body 1:Marker1,Rigid Body 1:Marker1,Rigid Body 1:Marker1,Rigid Body 1:Marker2,Rigid Body 1:Marker2,Rigid Body 1:Marker2,Rigid Body 1:Marker3,Rigid Body 1:Marker3,Rigid Body 1:Marker3,Unlabeled:105,Unlabeled:105,Unlabeled:105,Unlabeled:107,Unlabeled:107,Unlabeled:107,Unlabeled:106,Unlabeled:106,Unlabeled:106
,,"CF5107FCB3ED11E565670A50E6808782","CF5107FCB3ED11E565670A50E6808782","CF5107FCB3ED11E565670A50E6808782","CF5107FCB3ED11E565670A50E6808782","CF5107FCB3ED11E565670A50E6808782","CF5107FCB3ED11E565670A50E6808782","CF5107FCB3ED11E565670A50E6808782","CF5107FCB3ED11E565670A50E6808782","CF5107FCB3ED11E565670A50E6808782","CF5107FCB3ED11E565670A50E6808782","CF5107FCB3ED11E565670A50E6808782","CF5107FCB3ED11E565670A50E6808782","CF5107FCB3ED11E565670A50E6808782","CF5107FCB3ED11E565670A50E6808782","CF5107FCB3ED11E565670A50E6808782","CF5107FCB3ED11E565670A50E6808782","CF5107FCB3ED11E565670A50E6808782","CF5107FCB3ED11E565670A50E6808782","CF5107FCB3ED11E565670A50E6808782","CF5107FCB3ED11E565670A50E6808782","8392B20CF49E35706C","8392B20CF49E35706C","8392B20CF49E35706C","8392B20CF49E35706E","8392B20CF49E35706E","8392B20CF49E35706E","8392B20CF49E35706F","8392B20CF49E35706F","8392B20CF49E35706F","8392B20CF49E3573100000001","8392B20CF49E3573100000001","8392B20CF49E3573100000001","8392B20CF49E3573100000002","8392B20CF49E3573100000002","8392B20CF49E3573100000002","8392B20CF49E3573100000003","8392B20CF49E3573100000003","8392B20CF49E3573100000003","8392B20CF49E357069","8392B20CF49E357069","8392B20CF49E357069","8392B20CF49E35706B","8392B20CF49E35706B","8392B20CF49E35706B","8392B20CF49E35706A","8392B20CF49E35706A","8392B20CF49E35706A"
,,Rotation,Rotation,Rotation,Rotation,Position,Position,Position,Error Per Marker,Position,Position,Position,Marker Quality,Position,Position,Position,Marker Quality,Position,Position,Position,Marker Quality,Position,Position,Position,Position,Position,Position,Position,Position,Position,Position,Position,Position,Position,Position,Position,Position,Position,Position,Position,Position,Position,Position,Position,Position,Position,Position,Position
Frame,Time,X,Y,Z,W,X,Y,Z,,X,Y,Z,,X,Y,Z,,X,Y,Z,,X,Y,Z,X,Y,Z,X,Y,Z,X,Y,Z,X,Y,Z,X,Y,Z,X,Y,Z,X,Y,Z,X,Y,Z
0,0.000000,0.000035,0.000016,-0.000030,-1.000000,0.060002,0.019150,0.076611,0.000004,0.009986,0.019136,0.009807,0.998795,0.009956,0.019187,0.210196,0.998642,0.160064,0.019128,0.009831,0.999549,-0.724127,0.716956,2.824065,-0.733624,0.731344,2.337087,-0.724864,0.718670,2.661366,0.009933,0.019160,0.009812,0.009910,0.019217,0.210209,0.160012,0.019159,0.009836,,,,,,,,,
1,0.008333,-0.000008,0.000024,0.000029,-1.000000,0.060004,0.019161,0.076594,0.000011,0.009990,0.019158,0.009789,0.998795,0.009956,0.019192,0.210178,0.998642,0.160067,0.019133,0.009815,0.999549,-0.721400,0.713024,2.832238,-0.733640,0.731334,2.337045,-0.724867,0.718659,2.661326,0.009934,0.019175,0.009803,0.009903,0.019222,0.210190,0.160024,0.019169,0.009810,,,,,,,,,
2,0.016667,0.000010,0.000020,-0.000004,-1.000000,0.060007,0.019156,0.076598,0.000014,0.009991,0.019147,0.009794,0.998318,0.009959,0.019188,0.210182,0.997312,0.160069,0.019132,0.009819,0.996081,-0.724218,0.717011,2.823880,-0.733638,0.731309,2.337061,-0.724853,0.718654,2.661358,0.009933,0.019161,0.009812,0.009905,0.019226,0.210186,0.160027,0.019168,0.009815,,,,,,,,,
3,0.025000,-0.000035,0.000011,-0.000007,-1.000000,0.060001,0.019154,0.076596,0.000017,0.009985,0.019151,0.009792,0.996200,0.009956,0.019174,0.210181,0.996586,0.160062,0.019137,0.009814,0.996344,-0.724088,0.716905,2.824095,-0.733636,0.731284,2.337074,-0.724863,0.718627,2.661375,0.009919,0.019170,0.009804,0.009906,0.019208,0.210189,0.160029,0.019165,0.009816,,,,,,,,,
4,0.033333,0.000013,0.000027,-0.000005,-1.000000,0.060002,0.019144,0.076593,0.000015,0.009988,0.019135,0.009788,0.995401,0.009952,0.019178,0.210177,0.997577,0.160065,0.019120,0.009815,0.994107,-0.721357,0.712979,2.832328,-0.733633,0.731253,2.337096,-0.724873,0.718642,2.661388,0.009935,0.019150,0.009808,0.009898,0.019211,0.210188,0.160025,0.019155,0.009808,,,,,,,,,
5,0.041667,-0.000017,0.000030,0.000034,-1.000000,0.060002,0.019154,0.076599,0.000002,0.009988,0.019153,0.009793,0.997294,0.009951,0.019183,0.210182,0.995913,0.160066,0.019126,0.009821,0.995576,-0.724132,0.716957,2.824004,-0.733641,0.731263,2.337067,-0.724873,0.718660,2.661379,0.009938,0.019172,0.009804,0.009908,0.019216,0.210190,0.160014,0.019156,0.009827,,,,,,,,,
6,0.050000,0.000022,0.000024,-0.000008,-1.000000,0.060001,0.019162,0.076605,0.000007,0.009987,0.019151,0.009800,0.999473,0.009953,0.019197,0.210188,0.999372,0.160065,0.019137,0.009826,0.999438,-0.724137,0.716972,2.824029,-0.733655,0.731290,2.337069,-0.724868,0.718668,2.661390,0.009931,0.019170,0.009816,0.009903,0.019235,0.210192,0.160015,0.019172,0.009827,,,,,,,,,
7,0.058333,-0.000001,0.000017,0.000016,-1.000000,0.060007,0.019161,0.076595,0.000006,0.009992,0.019156,0.009791,0.997497,0.009960,0.019193,0.210180,0.998027,0.160069,0.019135,0.009815,0.998910,-0.721370,0.713035,2.832264,-0.733647,0.731248,2.337120,-0.724881,0.718672,2.661418,0.009931,0.019180,0.009803,0.009912,0.019231,0.210185,0.160020,0.019169,0.009819,,,,,,,,,
8,0.066667,-0.000010,0.000059,-0.000028,-1.000000,0.060007,0.019169,0.076596,0.000009,0.009997,0.019160,0.009787,0.997033,0.009949,0.019194,0.210176,0.996645,0.160075,0.019152,0.009824,0.999247,-0.724130,0.717001,2.824006,-0.733645,0.731262,2.337105,-0.724877,0.718676,2.661381,0.009946,0.019175,0.009809,0.009893,0.019236,0.210175,0.160025,0.019190,0.009823,,,,,,,,,
9,0.075000,-0.000018,0.000002,-0.000068,-1.000000,0.060009,0.019160,0.076593,0.000010,0.009992,0.019148,0.009791,0.998022,0.009967,0.019178,0.210179,0.997240,0.160069,0.019152,0.009810,0.996923,-0.724022,0.716843,2.824277,-0.733640,0.731258,2.337083,-0.724865,0.718649,2.661373,0.009938,0.019168,0.009799,0.009918,0.019206,0.210194,0.160025,0.019184,0.009809,,,,,,,,,
10,0.083333,-0.000031,0.000028,0.000022,-1.000000,0.060004,0.019153,0.076588,0.000006,0.009990,0.019152,0.009783,0.998964,0.009954,0.019177,0.210172,0.998745,0.160067,0.019129,0.009811,0.997821,-0.724163,0.716996,2.823942,-0.733648,0.731235,2.337099,-0.724886,0.718656,2.661391,0.009936,0.019172,0.009795,0.009908,0.019205,0.210183,0.160021,0.019161,0.009810,,,,,,,,,
11,0.091667,-0.000036,0.000040,0.000064,-1.000000,0.060008,0.019143,0.076595,0.000015,0.009995,0.019147,0.009789,0.997932,0.009955,0.019170,0.210177,0.995125,0.160073,0.019111,0.009820,0.995610,-0.724167,0.717027,2.823895,-0.733643,0.731256,2.337081,-0.724852,0.718631,2.661412,0.009943,0.019167,0.009800,0.009903,0.019195,0.210199,0.160028,0.019149,0.009810,,,,,,,,,
12,0.100000,0.000014,0.000024,-0.000088,-1.000000,0.060006,0.019162,0.076602,0.000005,0.009992,0.019144,0.009797,0.998134,0.009958,0.019187,0.210185,0.999162,0.160070,0.019154,0.009823,0.998882,-0.721396,0.713033,2.832233,-0.733649,0.731258,2.337105,-0.724885,0.718649,2.661385,0.009934,0.019165,0.009808,0.009910,0.019225,0.210190,0.160021,0.019184,0.009827,,,,,,,,,
13,0.108333,-0.000053,0.000045,-0.000023,-1.000000,0.060002,0.019162,0.076595,0.000013,0.009990,0.019160,0.009788,0.995720,0.009948,0.019176,0.210176,0.997079,0.160068,0.019150,0.009820,0.997538,-0.724148,0.717006,2.823950,-0.733662,0.731253,2.337103,-0.724869,0.718677,2.661355,0.009928,0.019178,0.009805,0.009901,0.019216,0.210175,0.160021,0.019182,0.009825,,,,,,,,,
14,0.116667,0.000021,0.000018,-0.000090,-1.000000,0.060004,0.019160,0.076590,0.000007,0.009989,0.019141,0.009786,0.998003,0.009957,0.019187,0.210174,0.997910,0.160067,0.019151,0.009810,0.998640,-0.724096,0.716935,2.824104,-0.733656,0.731287,2.337098,-0.724870,0.718660,2.661370,0.009931,0.019167,0.009784,0.009912,0.019220,0.210183,0.160014,0.019179,0.009821,,,,,,,,,
15,0.125000,0.000028,0.000027,-0.000032,-1.000000,0.060004,0.019150,0.076595,0.000005,0.009990,0.019136,0.009790,0.998450,0.009955,0.019185,0.210178,0.998808,0.160068,0.019129,0.009817,0.999031,-0.721374,0.713005,2.832292,-0.733623,0.731275,2.337106,-0.724859,0.718659,2.661345,0.009937,0.019155,0.009802,0.009906,0.019221,0.210183,0.160020,0.019157,0.009819,,,,,,,,,
16,0.133333,0.000019,0.000031,0.000025,-1.000000,0.060011,0.019153,0.076600,0.000007,0.009997,0.019146,0.009795,0.998450,0.009961,0.019191,0.210183,0.998808,0.160075,0.019122,0.009823,0.999031,-0.724136,0.716949,2.824046,-0.733659,0.731278,2.337133,-0.724868,0.718646,2.661390,0.009944,0.019163,0.009809,0.009909,0.019221,0.210196,0.160025,0.019160,0.009816,,,,,,,,,
17,0.141667,-0.000032,0.000007,-0.000009,-1.000000,0.060003,0.019150,0.076591,0.000006,0.009986,0.019147,0.009788,0.999514,0.009959,0.019171,0.210176,0.997757,0.160064,0.019133,0.009809,0.997599,-0.724052,0.716831,2.824290,-0.733636,0.731264,2.337129,-0.724863,0.718658,2.661372,0.009934,0.019169,0.009797,0.009907,0.019202,0.210189,0.160008,0.019168,0.009805,,,,,,,,,
18,0.150000,0.000009,0.000013,-0.000023,-1.000000,0.059998,0.019155,0.076593,0.000011,0.009982,0.019145,0.009789,0.999074,0.009953,0.019186,0.210178,0.998126,0.160060,0.019135,0.009812,0.998154,-0.721392,0.713036,2.832242,-0.733638,0.731298,2.337129,-0.724861,0.718664,2.661356,0.009927,0.019162,0.009810,0.009903,0.019226,0.210176,0.160013,0.019164,0.009815,,,,,,,,,
19,0.158333,0.000041,0.000026,-0.000026,-1.000000,0.060007,0.019159,0.076586,0.000014,0.009993,0.019144,0.009781,0.996286,0.009958,0.019198,0.210169,0.997016,0.160071,0.019136,0.009808,0.998748,-0.721387,0.713015,2.832286,-0.733643,0.731335,2.337089,-0.724864,0.718663,2.661380,0.009932,0.019166,0.009788,0.009904,0.019227,0.210187,0.160021,0.019177,0.009802,,,,,,,,,
20,0.166667,0.000005,0.000039,0.000055,-1.000000,0.060003,0.019158,0.076594,0.000008,0.009991,0.019156,0.009787,0.997390,0.009951,0.019195,0.210176,0.996074,0.160068,0.019123,0.009818,0.995885,-0.724155,0.716972,2.823993,-0.733634,0.731317,2.337123,-0.724857,0.718671,2.661353,0.009934,0.019174,0.009798,0.009898,0.019230,0.210184,0.160022,0.019157,0.009820,,,,,,,,,
21,0.175000,0.000030,0.000018,-0.000064,-1.000000,0.060004,0.019150,0.076593,0.000024,0.009988,0.019132,0.009789,0.998201,0.009957,0.019181,0.210178,0.998527,0.160066,0.019135,0.009813,0.997610,-0.724126,0.716947,2.824059,-0.733643,0.731355,2.337128,-0.724855,0.718661,2.661378,0.009925,0.019160,0.009790,0.009907,0.019206,0.210201,0.160028,0.019167,0.009814,,,,,,,,,
22,0.183333,-0.000028,0.000023,0.000016,-1.000000,0.060005,0.019148,0.076601,0.000012,0.009991,0.019146,0.009796,0.994105,0.009957,0.019172,0.210185,0.994181,0.160068,0.019125,0.009822,0.993769,-0.724178,0.717044,2.823906,-0.733669,0.731381,2.337178,-0.724863,0.718674,2.661337,0.009928,0.019173,0.009797,0.009912,0.019206,0.210196,0.160027,0.019150,0.009833,,,,,,,,,
23,0.191667,-0.000050,0.000047,0.000062,-1.000000,0.060003,0.019150,0.076599,0.000017,0.009991,0.019156,0.009792,0.996025,0.009948,0.019173,0.210180,0.996183,0.160069,0.019121,0.009825,0.995125,-0.724159,0.717019,2.823904,-0.733649,0.731349,2.337237,-0.724863,0.718646,2.661398,0.009925,0.019183,0.009797,0.009897,0.019202,0.210197,0.160023,0.019157,0.009822,,,,,,,,,
24,0.200000,0.000014,0.000039,-0.000022,-1.000000,0.059999,0.019158,0.076607,0.000004,0.009987,0.019147,0.009800,0.998909,0.009946,0.019190,0.210189,0.999238,0.160064,0.019137,0.009831,0.999208,-0.721382,0.713038,2.832268,-0.733654,0.731372,2.337268,-0.724870,0.718682,2.661345,0.009930,0.019171,0.009806,0.009901,0.019222,0.210198,0.160012,0.019170,0.009838,,,,,,,,,
25,0.208333,-0.000020,0.000018,0.000032,-1.000000,0.059998,0.019149,0.076602,0.000006,0.009982,0.019148,0.009798,0.999680,0.009950,0.019177,0.210186,0.997798,0.160060,0.019122,0.009822,0.997873,-0.724185,0.717022,2.823923,-0.733678,0.731393,2.337337,-0.724860,0.718644,2.661365,0.009933,0.019167,0.009813,0.009897,0.019208,0.210200,0.160010,0.019158,0.009818,,,,,,,,,
26,0.216667,-0.000038,0.000013,-0.000026,-1.000000,0.060001,0.019148,0.076596,0.000012,0.009985,0.019143,0.009793,0.998227,0.009955,0.019165,0.210181,0.996912,0.160063,0.019135,0.009815,0.995779,-0.724078,0.716900,2.824169,-0.733649,0.731436,2.337370,-0.724874,0.718650,2.661346,0.009929,0.019161,0.009808,0.009902,0.019196,0.210194,0.160018,0.019170,0.009808,,,,,,,,,
27,0.225000,-0.000005,0.000026,0.000007,-1.000000,0.060001,0.019159,0.076591,0.000012,0.009987,0.019154,0.009786,0.997472,0.009952,0.019189,0.210174,0.996716,0.160064,0.019135,0.009812,0.996822,-0.721389,0.713013,2.832278,-0.733653,0.731519,2.337328,-0.724868,0.718636,2.661364,0.009929,0.019174,0.009791,0.009903,0.019216,0.210190,0.160017,0.019169,0.009809,,,,,,,,,
28,0.233333,-0.000030,0.000027,0.000050,-1.000000,0.059997,0.019151,0.076591,0.000013,0.009983,0.019154,0.009786,0.995714,0.009948,0.019179,0.210174,0.998035,0.160061,0.019122,0.009813,0.996733,-0.721403,0.713003,2.832247,-0.733648,0.731585,2.337384,-0.724880,0.718638,2.661374,0.009920,0.019171,0.009800,0.009901,0.019214,0.210176,0.160020,0.019151,0.009814,,,,,,,,,
29,0.241667,-0.000059,0.000032,-0.000008,-1.000000,0.060002,0.019144,0.076594,0.000011,0.009989,0.019144,0.009788,0.997905,0.009952,0.019157,0.210177,0.997342,0.160067,0.019130,0.009816,0.996815,-0.721390,0.713024,2.832261,-0.733650,0.731632,2.337479,-0.724866,0.718645,2.661383,0.009932,0.019161,0.009803,0.009898,0.019193,0.210185,0.160021,0.019162,0.009812,,,,,,,,,
30,0.250000,0.000010,0.000026,-0.000051,-1.000000,0.060004,0.019146,0.076600,0.000014,0.009989,0.019132,0.009795,0.996157,0.009955,0.019174,0.210183,0.998214,0.160067,0.019131,0.009821,0.995202,-0.721382,0.712994,2.832317,-0.733670,0.731646,2.337610,-0.724886,0.718647,2.661399,0.009924,0.019154,0.009801,0.009906,0.019207,0.210193,0.160029,0.019159,0.009826,,,,,,,,,
31,0.258333,0.000039,0.000024,-0.000078,-1.000000,0.059993,0.019162,0.076590,0.000005,0.009978,0.019142,0.009785,0.996157,0.009944,0.019195,0.210174,0.998214,0.160056,0.019149,0.009812,0.995202,-0.721371,0.713016,2.832254,-0.733686,0.731662,2.337736,-0.724893,0.718653,2.661396,0.009916,0.019167,0.009793,0.009894,0.019233,0.210179,0.160008,0.019177,0.009819,,,,,,,,,
32,0.266667,0.000032,0.000024,-0.000034,-1.000000,0.059999,0.019155,0.076592,0.000011,0.009984,0.019140,0.009787,0.997988,0.009950,0.019191,0.210175,0.999734,0.160062,0.019134,0.009813,0.998210,-0.724107,0.716975,2.824061,-0.733671,0.731672,2.337769,-0.724875,0.718665,2.661378,0.009922,0.019168,0.009783,0.009900,0.019224,0.210189,0.160011,0.019161,0.009819,,,,,,,,,
33,0.275000,-0.000013,0.000024,0.000036,-1.000000,0.060005,0.019145,0.076595,0.000013,0.009990,0.019143,0.009790,0.996375,0.009956,0.019176,0.210179,0.997156,0.160068,0.019116,0.009816,0.997953,-0.724122,0.716964,2.824010,-0.733673,0.731636,2.337853,-0.724877,0.718659,2.661373,0.009925,0.019164,0.009797,0.009905,0.019208,0.210190,0.160025,0.019148,0.009818,,,,,,,,,
34,0.283333,-0.000022,0.000021,0.000053,-1.000000,0.060001,0.019156,0.076588,0.000011,0.009986,0.019157,0.009784,0.996683,0.009953,0.019185,0.210172,0.997970,0.160064,0.019125,0.009809,0.995606,-0.721371,0.713005,2.832285,-0.733714,0.731589,2.337958,-0.724894,0.718659,2.661376,0.009926,0.019183,0.009790,0.009904,0.019216,0.210186,0.160018,0.019153,0.009812,,,,,,,,,
35,0.291667,-0.000068,0.000020,0.000032,-1.000000,0.060014,0.019143,0.076592,0.000009,0.009999,0.019148,0.009787,0.997230,0.009966,0.019158,0.210176,0.997713,0.160076,0.019122,0.009812,0.996843,-0.721402,0.713034,2.832274,-0.733700,0.731650,2.337876,-0.724857,0.718648,2.661386,0.009945,0.019167,0.009797,0.009918,0.019188,0.210191,0.160029,0.019155,0.009809,,,,,,,,,
36,0.300000,0.000015,0.000027,-0.000083,-1.000000,0.060003,0.019152,0.076598,0.000010,0.009989,0.019135,0.009793,0.998646,0.009954,0.019178,0.210182,0.997534,0.160067,0.019143,0.009820,0.997357,-0.724194,0.717037,2.823838,-0.733675,0.731743,2.337862,-0.724878,0.718648,2.661384,0.009930,0.019154,0.009802,0.009897,0.019210,0.210193,0.160017,0.019180,0.009814,,,,,,,,,
37,0.308333,0.000010,0.000029,-0.000041,-1.000000,0.060007,0.019153,0.076596,0.000006,0.009993,0.019141,0.009790,0.998474,0.009957,0.019182,0.210179,0.997340,0.160070,0.019137,0.009818,0.996500,-0.724114,0.716987,2.824013,-0.733696,0.731741,2.337970,-0.724866,0.718647,2.661403,0.009934,0.019165,0.009798,0.009903,0.019216,0.210190,0.160018,0.019172,0.009817,,,,,,,,,
38,0.316667,0.000008,0.000036,-0.000044,-1.000000,0.059994,0.019157,0.076594,0.000009,0.009981,0.019144,0.009788,0.997908,0.009942,0.019185,0.210177,0.997091,0.160058,0.019141,0.009818,0.997994,-0.724118,0.716952,2.824131,-0.733775,0.731483,2.338420,-0.724886,0.718686,2.661372,0.009923,0.019165,0.009799,0.009898,0.019224,0.210176,0.160005,0.019170,0.009824,,,,,,,,,
39,0.325000,-0.000016,0.000025,-0.000025,-1.000000,0.060005,0.019152,0.076590,0.000007,0.009991,0.019145,0.009785,0.997316,0.009957,0.019176,0.210174,0.997906,0.160069,0.019136,0.009812,0.999238,-0.724111,0.716955,2.824068,-0.733845,0.731326,2.338642,-0.724876,0.718650,2.661416,0.009929,0.019175,0.009782,0.009907,0.019209,0.210186,0.160012,0.019166,0.009818,,,,,,,,,
40,0.333333,0.000025,0.000024,-0.000052,-1.000000,0.060003,0.019158,0.076588,0.000014,0.009988,0.019142,0.009783,0.996334,0.009954,0.019190,0.210171,0.997750,0.160066,0.019141,0.009809,0.995381,-0.721409,0.713017,2.832270,-0.733814,0.731309,2.338505,-0.724868,0.718647,2.661384,0.009923,0.019162,0.009794,0.009901,0.019225,0.210178,0.160025,0.019173,0.009809,,,,,,,,,
41,0.341667,-0.000006,0.000000,-0.000014,-1.000000,0.060013,0.019147,0.076595,0.000014,0.009995,0.019140,0.009793,0.996392,0.009970,0.019175,0.210181,0.997938,0.160073,0.019127,0.009812,0.995139,-0.724159,0.716974,2.823979,-0.733795,0.731156,2.338437,-0.724870,0.718659,2.661401,0.009928,0.019162,0.009803,0.009916,0.019209,0.210188,0.160031,0.019161,0.009812,,,,,,,,,
42,0.350000,0.000003,0.000022,-0.000002,-1.000000,0.059997,0.019150,0.076596,0.000018,0.009982,0.019143,0.009792,0.996563,0.009949,0.019182,0.210180,0.996344,0.160060,0.019127,0.009817,0.993626,-0.724147,0.716970,2.824000,-0.733781,0.731036,2.338204,-0.724880,0.718660,2.661389,0.009921,0.019164,0.009803,0.009892,0.019212,0.210194,0.160023,0.019161,0.009813,,,,,,,,,
43,0.358333,-0.000030,0.000014,-0.000036,-1.000000,0.059996,0.019144,0.076607,0.000014,0.009980,0.019137,0.009803,0.996964,0.009951,0.019162,0.210191,0.995312,0.160058,0.019131,0.009826,0.996936,-0.721393,0.713017,2.832267,-0.733713,0.731294,2.337697,-0.724879,0.718659,2.661375,0.009923,0.019163,0.009805,0.009901,0.019186,0.210212,0.160007,0.019165,0.009821,,,,,,,,,
44,0.366667,-0.000029,0.000038,0.000046,-1.000000,0.059998,0.019148,0.076600,0.000006,0.009985,0.019149,0.009794,0.999426,0.009946,0.019175,0.210182,0.997940,0.160063,0.019119,0.009824,0.998052,-0.724152,0.716974,2.824014,-0.733730,0.731422,2.337931,-0.724876,0.718652,2.661414,0.009934,0.019170,0.009803,0.009891,0.019207,0.210195,0.160010,0.019154,0.009820,,,,,,,,,
45,0.375000,-0.000078,0.000029,0.000042,-1.000000,0.060003,0.019152,0.076594,0.000004,0.009989,0.019159,0.009789,0.998791,0.009953,0.019165,0.210178,0.999562,0.160067,0.019130,0.009817,0.998916,-0.724181,0.717012,2.823897,-0.733749,0.731578,2.338135,-0.724868,0.718641,2.661384,0.009932,0.019180,0.009797,0.009908,0.019198,0.210184,0.160017,0.019159,0.009821,,,,,,,,,
46,0.383333,-0.000023,0.000040,0.000017,-1.000000,0.059998,0.019143,0.076595,0.000002,0.009985,0.019141,0.009789,0.998791,0.009945,0.019169,0.210177,0.999562,0.160063,0.019119,0.009820,0.998916,-0.721366,0.713011,2.832268,-0.733709,0.731621,2.338167,-0.724892,0.718641,2.661401,0.009928,0.019163,0.009795,0.009897,0.019201,0.210187,0.160008,0.019151,0.009822,,,,,,,,,
47,0.391667,0.000009,0.000011,-0.000022,-1.000000,0.059999,0.019155,0.076598,0.000008,0.009983,0.019144,0.009794,0.999223,0.009954,0.019185,0.210183,0.999389,0.160061,0.019134,0.009817,0.999521,-0.721404,0.713015,2.832312,-0.733545,0.731181,2.337444,-0.724881,0.718655,2.661382,0.009928,0.019163,0.009808,0.009899,0.019218,0.210192,0.160010,0.019170,0.009812,,,,,,,,,
48,0.400000,-0.000049,0.000033,0.000002,-1.000000,0.059995,0.019155,0.076589,0.000016,0.009981,0.019155,0.009783,0.998899,0.009943,0.019173,0.210172,0.997713,0.160059,0.019138,0.009812,0.997759,-0.721361,0.713001,2.832354,-0.733548,0.731165,2.337482,-0.724867,0.718664,2.661386,0.009912,0.019180,0.009790,0.009891,0.019207,0.210183,0.160018,0.019172,0.009814,,,,,,,,,
49,0.408333,-0.000027,0.000048,-0.000008,-1.000000,0.060005,0.019143,0.076595,0.000009,0.009993,0.019139,0.009788,0.995915,0.009950,0.019165,0.210176,0.997580,0.160071,0.019125,0.009821,0.994654,-0.721391,0.713007,2.832328,-0.733533,0.731142,2.337479,-0.724868,0.718636,2.661415,0.009941,0.019156,0.009803,0.009891,0.019198,0.210189,0.160019,0.019167,0.009810,,,,,,,,,
50,0.416667,0.000057,0.000024,-0.000018,-1.000000,0.060000,0.019156,0.076589,0.000015,0.009985,0.019139,0.009784,0.999676,0.009951,0.019200,0.210173,0.996757,0.160063,0.019128,0.009810,0.997063,-0.721386,0.713014,2.832269,-0.733559,0.731131,2.337509,-0.724860,0.718646,2.661408,0.009924,0.019156,0.009802,0.009902,0.019242,0.210166,0.160014,0.019157,0.009815,,,,,,,,,
51,0.425000,0.000020,0.000022,-0.000027,-1.000000,0.059999,0.019150,0.076600,0.000012,0.009985,0.019138,0.009795,0.995371,0.009951,0.019183,0.210184,0.995835,0.160062,0.019129,0.009821,0.997331,-0.721392,0.712997,2.832304,-0.733549,0.731145,2.337478,-0.724872,0.718648,2.661401,0.009927,0.019160,0.009801,0.009900,0.019210,0.210200,0.160012,0.019166,0.009817,,,,,,,,,
52,0.433333,-0.000022,0.000002,0.000015,-1.000000,0.060006,0.019149,0.076600,0.000017,0.009989,0.019147,0.009798,0.997681,0.009963,0.019175,0.210186,0.996530,0.160066,0.019126,0.009817,0.996919,-0.721396,0.713032,2.832250,-0.733827,0.731319,2.338618,-0.724854,0.718626,2.661428,0.009933,0.019176,0.009793,0.009912,0.019196,0.210212,0.160011,0.019161,0.009814,,,,,,,,,
53,0.441667,-0.000036,0.000018,-0.000015,-1.000000,0.060004,0.019147,0.076597,0.000007,0.009989,0.019143,0.009792,0.997674,0.009957,0.019166,0.210181,0.999095,0.160066,0.019131,0.009817,0.997677,-0.721385,0.713024,2.832301,-0.733838,0.731166,2.338640,-0.724875,0.718665,2.661391,0.009926,0.019166,0.009801,0.009905,0.019202,0.210186,0.160019,0.019160,0.009820,,,,,,,,,
54,0.450000,-0.000013,0.000015,-0.000048,-1.000000,0.059999,0.019142,0.076595,0.000014,0.009983,0.019133,0.009791,0.996025,0.009953,0.019164,0.210179,0.996537,0.160061,0.019130,0.009814,0.997282,-0.721359,0.713011,2.832310,-0.733719,0.731259,2.337736,-0.724869,0.718638,2.661413,0.009933,0.019157,0.009792,0.009904,0.019192,0.210200,0.159998,0.019172,0.009813,,,,,,,,,
55,0.458333,-0.000008,0.000013,0.000022,-1.000000,0.059991,0.019144,0.076599,0.000008,0.009975,0.019140,0.009795,0.997310,0.009945,0.019174,0.210184,0.997778,0.160052,0.019117,0.009818,0.999197,-0.721392,0.713020,2.832266,-0.733681,0.731223,2.337227,-0.724870,0.718658,2.661409,0.009919,0.019156,0.009812,0.009892,0.019214,0.210184,0.160001,0.019151,0.009818,,,,,,,,,
56,0.466667,0.000006,0.000029,-0.000029,-1.000000,0.059997,0.019145,0.076595,0.000010,0.009983,0.019135,0.009790,0.997646,0.009947,0.019174,0.210178,0.998266,0.160060,0.019127,0.009817,0.996690,-0.724121,0.716943,2.824094,-0.733657,0.731233,2.337099,-0.724886,0.718651,2.661405,0.009919,0.019157,0.009796,0.009895,0.019207,0.210188,0.160012,0.019160,0.009816,,,,,,,,,
57,0.475000,-0.000063,0.000012,0.000030,-1.000000,0.059996,0.019145,0.076587,0.000003,0.009980,0.019149,0.009784,0.999175,0.009951,0.019162,0.210172,0.999523,0.160058,0.019124,0.009806,0.999220,-0.724049,0.716860,2.824289,-0.733632,0.731243,2.337062,-0.724879,0.718633,2.661406,0.009928,0.019168,0.009794,0.009903,0.019193,0.210180,0.160001,0.019157,0.009805,,,,,,,,,
58,0.483333,0.000027,0.000041,-0.000010,-1.000000,0.060005,0.019138,0.076597,0.000012,0.009992,0.019127,0.009790,0.996150,0.009952,0.019175,0.210179,0.997655,0.160070,0.019113,0.009821,0.997325,-0.721388,0.713000,2.832267,-0.733636,0.731228,2.337095,-0.724861,0.718638,2.661384,0.009927,0.019156,0.009787,0.009911,0.019205,0.210190,0.160022,0.019136,0.009832,,,,,,,,,
59,0.491667,0.000003,0.000033,0.000004,-1.000000,0.060000,0.019146,0.076598,0.000015,0.009986,0.019139,0.009793,0.995831,0.009949,0.019177,0.210181,0.995565,0.160064,0.019121,0.009822,0.997018,-0.721406,0.713022,2.832291,-0.733645,0.731243,2.337064,-0.724863,0.718653,2.661391,0.009927,0.019168,0.009791,0.009903,0.019200,0.210202,0.160016,0.019150,0.009824,,,,,,,,,
60,0.500000,0.000024,0.000008,-0.000041,-1.000000,0.060006,0.019146,0.076600,0.000010,0.009990,0.019131,0.009797,0.998862,0.009962,0.019179,0.210185,0.997437,0.160067,0.019127,0.009818,0.996411,-0.724136,0.716976,2.824032,-0.733642,0.731245,2.337066,-0.724871,0.718662,2.661394,0.009935,0.019151,0.009810,0.009909,0.019208,0.210199,0.160021,0.019165,0.009812,,,,,,,,,
61,0.508333,-0.000021,0.000009,-0.000020,-1.000000,0.060006,0.019148,0.076594,0.000004,0.009989,0.019142,0.009790,0.998862,0.009961,0.019171,0.210179,0.997437,0.160067,0.019132,0.009812,0.996411,-0.724020,0.716819,2.824398,-0.733635,0.731259,2.337094,-0.724881,0.718645,2.661423,0.009932,0.019164,0.009798,0.009918,0.019199,0.210190,0.160015,0.019164,0.009814,,,,,,,,,
62,0.516667,-0.000023,0.000012,-0.000028,-1.000000,0.060010,0.019138,0.076599,0.000010,0.009994,0.019131,0.009796,0.998923,0.009964,0.019159,0.210184,0.999264,0.160071,0.019123,0.009818,0.999160,-0.724133,0.716964,2.824062,-0.733659,0.731238,2.337080,-0.724873,0.718649,2.661421,0.009937,0.019151,0.009804,0.009913,0.019190,0.210198,0.160021,0.019159,0.009812,,,,,,,,,
63,0.525000,-0.000010,-0.000017,-0.000028,-1.000000,0.060009,0.019136,0.076599,0.000004,0.009989,0.019127,0.009798,0.998424,0.009971,0.019160,0.210187,0.997089,0.160067,0.019119,0.009812,0.997089,-0.721369,0.712983,2.832334,-0.733647,0.731261,2.337090,-0.724874,0.718637,2.661420,0.009935,0.019147,0.009806,0.009924,0.019190,0.210195,0.160018,0.019152,0.009815,,,,,,,,,
64,0.533333,-0.000012,0.000018,0.000043,-1.000000,0.060008,0.019137,0.076598,0.000007,0.009993,0.019136,0.009794,0.999186,0.009961,0.019169,0.210182,0.999402,0.160070,0.019107,0.009818,0.998786,-0.721353,0.712986,2.832334,-0.733641,0.731236,2.337083,-0.724867,0.718638,2.661410,0.009943,0.019151,0.009813,0.009913,0.019202,0.210188,0.160021,0.019139,0.009815,,,,,,,,,
65,0.541667,0.000012,0.000035,0.000014,-1.000000,0.060010,0.019130,0.076602,0.000016,0.009997,0.019123,0.009796,0.998298,0.009959,0.019165,0.210184,0.997415,0.160075,0.019102,0.009825,0.999102,-0.721350,0.712998,2.832330,-0.733649,0.731255,2.337092,-0.724866,0.718666,2.661354,0.009939,0.019145,0.009804,0.009911,0.019190,0.210204,0.160032,0.019139,0.009821,,,,,,,,,
66,0.550000,-0.000015,0.000022,-0.000013,-1.000000,0.060012,0.019138,0.076614,0.000021,0.009998,0.019132,0.009809,0.996699,0.009964,0.019163,0.210198,0.995790,0.160075,0.019119,0.009835,0.995381,-0.721376,0.713019,2.832299,-0.733641,0.731239,2.337099,-0.724867,0.718659,2.661418,0.009936,0.019158,0.009811,0.009917,0.019186,0.210220,0.160034,0.019154,0.009833,,,,,,,,,
67,0.558333,-0.000023,0.000020,-0.000022,-1.000000,0.060008,0.019138,0.076606,0.000012,0.009993,0.019132,0.009802,0.994934,0.009961,0.019160,0.210190,0.994572,0.160071,0.019122,0.009827,0.994602,-0.721404,0.713027,2.832282,-0.733634,0.731256,2.337098,-0.724866,0.718665,2.661405,0.009940,0.019147,0.009820,0.009911,0.019203,0.210186,0.160026,0.019150,0.009833,,,,,,,,,
68,0.566667,0.000016,0.000021,-0.000019,-1.000000,0.060009,0.019130,0.076611,0.000015,0.009995,0.019119,0.009807,0.995347,0.009962,0.019163,0.210195,0.997107,0.160072,0.019109,0.009832,0.996504,-0.721381,0.713014,2.832290,-0.733640,0.731234,2.337091,-0.724869,0.718664,2.661392,0.009934,0.019136,0.009825,0.009913,0.019201,0.210197,0.160033,0.019137,0.009832,,,,,,,,,
69,0.575000,0.000011,0.000012,0.000006,-1.000000,0.060012,0.019136,0.076599,0.000020,0.009995,0.019128,0.009795,0.995809,0.009966,0.019169,0.210184,0.993846,0.160073,0.019109,0.009818,0.995362,-0.721361,0.712968,2.832374,-0.733638,0.731232,2.337086,-0.724875,0.718647,2.661409,0.009945,0.019149,0.009798,0.009921,0.019188,0.210210,0.160033,0.019142,0.009815,,,,,,,,,
70,0.583333,-0.000011,0.000044,-0.000014,-1.000000,0.060005,0.019150,0.076597,0.000008,0.009993,0.019143,0.009790,0.998471,0.009951,0.019176,0.210179,0.998372,0.160071,0.019130,0.009823,0.997312,-0.721372,0.713019,2.832312,-0.733635,0.731234,2.337098,-0.724873,0.718655,2.661387,0.009940,0.019161,0.009801,0.009907,0.019202,0.210192,0.160028,0.019158,0.009822,,,,,,,,,
71,0.591667,0.000034,0.000029,-0.000018,-1.000000,0.060007,0.019139,0.076618,0.000009,0.009993,0.019126,0.009813,0.997828,0.009957,0.019177,0.210202,0.997957,0.160071,0.019115,0.009841,0.997294,-0.724114,0.717008,2.824041,-0.733627,0.731232,2.337106,-0.724861,0.718662,2.661384,0.009936,0.019149,0.009819,0.009908,0.019208,0.210214,0.160025,0.019146,0.009843,,,,,,,,,
72,0.600000,-0.000008,0.000040,0.000025,-1.000000,0.060003,0.019134,0.076612,0.000007,0.009991,0.019131,0.009805,0.998771,0.009950,0.019165,0.210194,0.997692,0.160068,0.019107,0.009836,0.998061,-0.724158,0.716989,2.824004,-0.733667,0.731262,2.337085,-0.724857,0.718679,2.661389,0.009941,0.019148,0.009821,0.009899,0.019197,0.210203,0.160015,0.019146,0.009830,,,,,,,,,
73,0.608333,-0.000003,0.000031,0.000023,-1.000000,0.060007,0.019142,0.076600,0.000005,0.009994,0.019138,0.009795,0.998424,0.009957,0.019174,0.210183,0.999568,0.160071,0.019114,0.009823,0.998357,-0.721396,0.713030,2.832256,-0.733221,0.731393,2.336989,-0.724858,0.718653,2.661347,0.009936,0.019159,0.009800,0.009915,0.019206,0.210190,0.160024,0.019140,0.009829,,,,,,,,,
74,0.616667,-0.000026,0.000031,-0.000018,-1.000000,0.060000,0.019142,0.076598,0.000011,0.009986,0.019137,0.009792,0.997582,0.009950,0.019164,0.210181,0.998117,0.160064,0.019126,0.009820,0.996120,-0.721356,0.713010,2.832266,-0.733350,0.731076,2.336962,-0.724872,0.718666,2.661350,0.009927,0.019155,0.009801,0.009901,0.019192,0.210192,0.160022,0.019155,0.009819,,,,,,,,,
75,0.625000,0.000038,0.000049,-0.000007,-1.000000,0.060001,0.019130,0.076610,0.000018,0.009989,0.019117,0.009803,0.995770,0.009945,0.019170,0.210192,0.995682,0.160067,0.019103,0.009837,0.995081,-0.724156,0.716994,2.823984,-0.733347,0.731067,2.336991,-0.724877,0.718636,2.661382,0.009931,0.019138,0.009808,0.009900,0.019192,0.210211,0.160028,0.019131,0.009835,,,,,,,,,
76,0.633333,-0.000009,0.000029,-0.000012,-1.000000,0.060005,0.019134,0.076607,0.000012,0.009991,0.019127,0.009801,0.995770,0.009955,0.019161,0.210190,0.995682,0.160069,0.019114,0.009829,0.995081,-0.724046,0.716857,2.824252,-0.733355,0.731060,2.336952,-0.724881,0.718657,2.661378,0.009933,0.019143,0.009818,0.009911,0.019197,0.210190,0.160027,0.019139,0.009834,,,,,,,,,
77,0.641667,0.000024,0.000038,-0.000033,-1.000000,0.060001,0.019145,0.076606,0.000011,0.009988,0.019132,0.009799,0.995925,0.009948,0.019179,0.210188,0.997614,0.160066,0.019125,0.009830,0.997647,-0.721412,0.713049,2.832238,-0.733353,0.731088,2.336983,-0.724864,0.718672,2.661372,0.009943,0.019151,0.009809,0.009900,0.019203,0.210208,0.160020,0.019153,0.009825,,,,,,,,,
78,0.650000,-0.000021,0.000031,0.000013,-1.000000,0.060001,0.019138,0.076600,0.000010,0.009987,0.019135,0.009794,0.998609,0.009951,0.019164,0.210183,0.995913,0.160065,0.019115,0.009822,0.997197,-0.724158,0.716995,2.823992,-0.733360,0.731065,2.336970,-0.724859,0.718663,2.661374,0.009934,0.019153,0.009806,0.009898,0.019196,0.210196,0.160020,0.019149,0.009818,,,,,,,,,
79,0.658333,0.000023,0.000025,-0.000027,-1.000000,0.060000,0.019140,0.076606,0.000005,0.009985,0.019127,0.009801,0.998696,0.009951,0.019173,0.210189,0.997458,0.160063,0.019118,0.009827,0.996463,-0.724102,0.716943,2.824117,-0.733366,0.731074,2.336960,-0.724837,0.718680,2.661331,0.009929,0.019147,0.009809,0.009906,0.019209,0.210195,0.160016,0.019142,0.009835,,,,,,,,,
80,0.666667,-0.000031,0.000012,0.000067,-1.000000,0.060005,0.019134,0.076605,0.000013,0.009989,0.019138,0.009801,0.998428,0.009960,0.019163,0.210190,0.999166,0.160067,0.019101,0.009824,0.998458,-0.721397,0.713038,2.832282,-0.733353,0.731058,2.336989,-0.724876,0.718660,2.661414,0.009927,0.019157,0.009813,0.009907,0.019206,0.210188,0.160026,0.019126,0.009833,,,,,,,,,
81,0.675000,0.000017,0.000024,-0.000030,-1.000000,0.060001,0.019152,0.076601,0.000010,0.009986,0.019140,0.009796,0.995584,0.009952,0.019184,0.210184,0.997929,0.160064,0.019132,0.009822,0.997051,-0.721396,0.713022,2.832278,-0.733371,0.731066,2.336995,-0.724871,0.718663,2.661385,0.009929,0.019160,0.009809,0.009903,0.019216,0.210193,0.160021,0.019164,0.009822,,,,,,,,,
82,0.683333,-0.000008,0.000023,0.000017,-1.000000,0.060002,0.019151,0.076591,0.000005,0.009987,0.019147,0.009786,0.997592,0.009953,0.019181,0.210175,0.998048,0.160065,0.019125,0.009812,0.996727,-0.724174,0.717034,2.823904,-0.733359,0.731048,2.336980,-0.724865,0.718651,2.661351,0.009932,0.019167,0.009798,0.009908,0.019211,0.210184,0.160017,0.019156,0.009813,,,,,,,,,
83,0.691667,-0.000017,0.000034,0.000038,-1.000000,0.059993,0.019136,0.076600,0.000010,0.009980,0.019135,0.009794,0.998231,0.009942,0.019165,0.210183,0.996349,0.160058,0.019107,0.009823,0.998089,-0.724143,0.716973,2.824015,-0.733358,0.731086,2.336955,-0.724856,0.718640,2.661370,0.009924,0.019153,0.009807,0.009898,0.019201,0.210182,0.160002,0.019136,0.009832,,,,,,,,,
84,0.700000,0.000005,0.000021,-0.000026,-1.000000,0.060001,0.019146,0.076605,0.000008,0.009986,0.019135,0.009800,0.997322,0.009953,0.019174,0.210189,0.998240,0.160064,0.019127,0.009825,0.998799,-0.721376,0.713032,2.832297,-0.733355,0.731084,2.336941,-0.724868,0.718661,2.661410,0.009940,0.019151,0.009817,0.009906,0.019210,0.210193,0.160009,0.019163,0.009826,,,,,,,,,
85,0.708333,-0.000041,-0.000001,0.000018,-1.000000,0.060003,0.019148,0.076607,0.000005,0.009985,0.019148,0.009805,0.998692,0.009961,0.019169,0.210194,0.998529,0.160062,0.019126,0.009824,0.998994,-0.721393,0.713047,2.832246,-0.733360,0.731094,2.336946,-0.724884,0.718679,2.661368,0.009936,0.019166,0.009819,0.009910,0.019204,0.210200,0.160011,0.019158,0.009824,,,,,,,,,
86,0.716667,-0.000015,0.000000,-0.000002,-1.000000,0.059994,0.019144,0.076594,0.000012,0.009976,0.019139,0.009791,0.996634,0.009952,0.019170,0.210180,0.997575,0.160054,0.019123,0.009810,0.996809,-0.724180,0.717048,2.823889,-0.733355,0.731072,2.336978,-0.724873,0.718665,2.661380,0.009916,0.019156,0.009808,0.009904,0.019203,0.210186,0.160010,0.019154,0.009809,,,,,,,,,
87,0.725000,0.000002,0.000037,0.000011,-1.000000,0.060001,0.019134,0.076595,0.000012,0.009989,0.019128,0.009789,0.996856,0.009950,0.019167,0.210178,0.997934,0.160066,0.019108,0.009819,0.996530,-0.724127,0.717003,2.823993,-0.733355,0.731076,2.336946,-0.724855,0.718662,2.661367,0.009931,0.019145,0.009802,0.009898,0.019202,0.210184,0.160027,0.019135,0.009822,,,,,,,,,
88,0.733333,0.000043,0.000022,0.000022,-1.000000,0.060005,0.019144,0.076594,0.000006,0.009990,0.019134,0.009789,0.998160,0.009957,0.019188,0.210178,0.998124,0.160068,0.019111,0.009815,0.998843,-0.721394,0.713016,2.832298,-0.733375,0.731076,2.337009,-0.724871,0.718667,2.661394,0.009936,0.019151,0.009806,0.009907,0.019221,0.210184,0.160018,0.019145,0.009815,,,,,,,,,
89,0.741667,0.000015,0.000029,-0.000019,-1.000000,0.060001,0.019152,0.076603,0.000004,0.009987,0.019141,0.009798,0.999000,0.009951,0.019185,0.210186,0.998754,0.160065,0.019130,0.009826,0.999560,-0.724208,0.717083,2.823771,-0.733344,0.731095,2.336954,-0.724877,0.718680,2.661363,0.009933,0.019161,0.009811,0.009900,0.019219,0.210192,0.160010,0.019164,0.009825,,,,,,,,,
90,0.750000,0.000005,0.000012,-0.000042,-1.000000,0.060004,0.019145,0.076599,0.000010,0.009988,0.019133,0.009795,0.998190,0.009959,0.019172,0.210184,0.997083,0.160066,0.019129,0.009818,0.997329,-0.724164,0.717034,2.823940,-0.733357,0.731085,2.336953,-0.724883,0.718678,2.661414,0.009939,0.019154,0.009803,0.009905,0.019203,0.210200,0.160010,0.019169,0.009814,,,,,,,,,
91,0.758333,0.000025,0.000024,-0.000080,-1.000000,0.060010,0.019140,0.076590,0.000011,0.009995,0.019122,0.009785,0.998190,0.009961,0.019169,0.210174,0.997083,0.160073,0.019129,0.009812,0.997329,-0.721391,0.713046,2.832281,-0.733905,0.731383,2.337238,-0.724857,0.718655,2.661367,0.009939,0.019141,0.009801,0.009911,0.019212,0.210169,0.160017,0.019160,0.009817,,,,,,,,,
92,0.766667,-0.000002,-0.000007,-0.000021,-1.000000,0.060002,0.019150,0.076584,0.000013,0.009984,0.019142,0.009783,0.997405,0.009962,0.019178,0.210171,0.995958,0.160061,0.019131,0.009799,0.998452,-0.721400,0.713052,2.832222,-0.733621,0.731236,2.337086,-0.724867,0.718679,2.661373,0.009928,0.019161,0.009792,0.009921,0.019217,0.210169,0.160012,0.019155,0.009815,,,,,,,,,
93,0.775000,-0.000026,0.000028,0.000025,-1.000000,0.060003,0.019146,0.076588,0.000007,0.009989,0.019145,0.009783,0.997722,0.009953,0.019172,0.210171,0.996064,0.160066,0.019121,0.009810,0.996837,-0.721369,0.712997,2.832315,-0.733633,0.731243,2.337053,-0.724871,0.718651,2.661385,0.009937,0.019161,0.009797,0.009909,0.019205,0.210175,0.160012,0.019152,0.009816,,,,,,,,,
94,0.783333,-0.000015,0.000015,0.000005,-1.000000,0.060013,0.019156,0.076584,0.000006,0.009998,0.019152,0.009780,0.998447,0.009967,0.019183,0.210168,0.997800,0.160075,0.019134,0.009803,0.998851,-0.724118,0.716964,2.824059,-0.733635,0.731250,2.337087,-0.724864,0.718666,2.661360,0.009942,0.019175,0.009791,0.009922,0.019219,0.210173,0.160018,0.019165,0.009810,,,,,,,,,
95,0.791667,-0.000018,0.000020,0.000013,-1.000000,0.060010,0.019143,0.076587,0.000004,0.009995,0.019140,0.009782,0.998963,0.009963,0.019170,0.210171,0.998093,0.160073,0.019119,0.009807,0.998724,-0.724137,0.716978,2.824043,-0.733648,0.731240,2.337082,-0.724858,0.718672,2.661380,0.009941,0.019158,0.009797,0.009909,0.019209,0.210175,0.160018,0.019155,0.009809,,,,,,,,,
96,0.800000,-0.000006,0.000029,-0.000051,-1.000000,0.060008,0.019151,0.076591,0.000006,0.009994,0.019140,0.009786,0.998609,0.009958,0.019175,0.210174,0.998529,0.160071,0.019139,0.009813,0.999782,-0.721388,0.713005,2.832310,-0.733658,0.731234,2.337095,-0.724886,0.718664,2.661358,0.009933,0.019162,0.009795,0.009911,0.019212,0.210179,0.160024,0.019170,0.009820,,,,,,,,,
97,0.808333,0.000014,0.000005,-0.000051,-1.000000,0.060009,0.019152,0.076584,0.000009,0.009992,0.019138,0.009781,0.997785,0.009966,0.019181,0.210169,0.999324,0.160070,0.019137,0.009801,0.998178,-0.721420,0.713024,2.832277,-0.733662,0.731260,2.337087,-0.724863,0.718662,2.661379,0.009928,0.019166,0.009786,0.009912,0.019216,0.210180,0.160019,0.019171,0.009804,,,,,,,,,
98,0.816667,0.000033,0.000010,-0.000019,-1.000000,0.060016,0.019150,0.076588,0.000002,0.009999,0.019137,0.009785,0.999160,0.009971,0.019187,0.210173,0.999201,0.160077,0.019126,0.009807,0.999929,-0.724121,0.716952,2.824047,-0.733651,0.731237,2.337104,-0.724877,0.718671,2.661393,0.009946,0.019157,0.009797,0.009920,0.019223,0.210179,0.160024,0.019158,0.009812,,,,,,,,,
99,0.825000,-0.000011,-0.000009,-0.000016,-1.000000,0.060012,0.019159,0.076578,0.000013,0.009993,0.019152,0.009777,0.997184,0.009972,0.019184,0.210165,0.996914,0.160071,0.019140,0.009793,0.995919,-0.724052,0.716892,2.824235,-0.733642,0.731232,2.337087,-0.724866,0.718665,2.661357,0.009932,0.019174,0.009785,0.009922,0.019213,0.210181,0.160025,0.019176,0.009791,,,,,,,,,
100,0.833333,-0.000053,0.000012,0.000051,-1.000000,0.060014,0.019147,0.076579,0.000020,0.009998,0.019152,0.009775,0.995213,0.009969,0.019169,0.210164,0.995397,0.160076,0.019121,0.009797,0.994764,-0.721393,0.712998,2.832290,-0.733656,0.731232,2.337094,-0.724861,0.718638,2.661384,0.009933,0.019180,0.009777,0.009915,0.019198,0.210182,0.160032,0.019155,0.009798,,,,,,,,,
101,0.841667,-0.000046,0.000020,-0.000016,-1.000000,0.060021,0.019135,0.076578,0.000011,0.010006,0.019132,0.009773,0.996562,0.009973,0.019151,0.210162,0.998793,0.160084,0.019120,0.009798,0.996286,-0.721374,0.713015,2.832303,-0.733657,0.731222,2.337098,-0.724866,0.718658,2.661341,0.009939,0.019157,0.009779,0.009925,0.019185,0.210171,0.160041,0.019149,0.009804,,,,,,,,,
102,0.850000,0.000017,-0.000015,-0.000006,-1.000000,0.060023,0.019167,0.076573,0.000021,0.010003,0.019157,0.009772,0.994459,0.009985,0.019202,0.210161,0.995172,0.160081,0.019143,0.009786,0.994809,-0.724164,0.717007,2.823984,-0.733643,0.731259,2.337082,-0.724866,0.718653,2.661412,0.009936,0.019186,0.009770,0.009933,0.019231,0.210179,0.160037,0.019175,0.009789,,,,,,,,,
103,0.858333,-0.000022,0.000020,0.000015,-1.000000,0.060026,0.019149,0.076584,0.000011,0.010011,0.019146,0.009779,0.997126,0.009978,0.019175,0.210168,0.998447,0.160089,0.019125,0.009804,0.996526,-0.724034,0.716877,2.824251,-0.733638,0.731249,2.337086,-0.724854,0.718649,2.661406,0.009947,0.019171,0.009785,0.009928,0.019210,0.210178,0.160044,0.019155,0.009808,,,,,,,,,
104,0.866667,-0.000035,-0.000017,0.000008,-1.000000,0.060033,0.019144,0.076584,0.000002,0.010013,0.019142,0.009783,0.999242,0.009996,0.019166,0.210172,0.999229,0.160091,0.019123,0.009797,0.999782,-0.724133,0.716947,2.824076,-0.733644,0.731227,2.337096,-0.724855,0.718654,2.661398,0.009956,0.019167,0.009788,0.009949,0.019199,0.210182,0.160035,0.019156,0.009801,,,,,,,,,
105,0.875000,-0.000040,0.000005,-0.000013,-1.000000,0.060033,0.019152,0.076576,0.000012,0.010015,0.019150,0.009773,0.996448,0.009989,0.019171,0.210161,0.996968,0.160093,0.019137,0.009793,0.997543,-0.724120,0.716970,2.824079,-0.733650,0.731251,2.337103,-0.724861,0.718648,2.661353,0.009952,0.019178,0.009773,0.009941,0.019199,0.210178,0.160041,0.019169,0.009797,,,,,,,,,
106,0.883333,-0.000057,0.000014,0.000010,-1.000000,0.060028,0.019151,0.076575,0.000011,0.010012,0.019153,0.009771,0.996448,0.009982,0.019167,0.210159,0.996968,0.160089,0.019133,0.009794,0.997543,-0.724106,0.716948,2.824127,-0.733651,0.731239,2.337103,-0.724876,0.718665,2.661362,0.009951,0.019171,0.009785,0.009932,0.019200,0.210168,0.160045,0.019169,0.009791,,,,,,,,,
107,0.891667,-0.000084,0.000009,0.000005,-1.000000,0.060037,0.019148,0.076572,0.000003,0.010020,0.019153,0.009769,0.997254,0.009992,0.019157,0.210157,0.997692,0.160098,0.019135,0.009790,0.996455,-0.721380,0.713025,2.832288,-0.733652,0.731246,2.337097,-0.724868,0.718661,2.661382,0.009967,0.019175,0.009777,0.009943,0.019192,0.210166,0.160038,0.019172,0.009792,,,,,,,,,
108,0.900000,-0.000024,0.000003,0.000003,-1.000000,0.060037,0.019164,0.076565,0.000017,0.010020,0.019161,0.009762,0.999128,0.009994,0.019188,0.210151,0.999816,0.160098,0.019143,0.009782,0.998970,-0.724137,0.717005,2.823939,-0.733653,0.731234,2.337115,-0.724873,0.718662,2.661359,0.009950,0.019183,0.009777,0.009939,0.019226,0.210159,0.160054,0.019179,0.009777,,,,,,,,,
109,0.908333,-0.000024,0.000010,-0.000024,-1.000000,0.060037,0.019158,0.076571,0.000010,0.010021,0.019152,0.009767,0.995958,0.009992,0.019179,0.210156,0.997035,0.160098,0.019142,0.009789,0.994572,-0.724124,0.716951,2.824075,-0.733644,0.731262,2.337069,-0.724847,0.718663,2.661396,0.009958,0.019175,0.009780,0.009949,0.019215,0.210156,0.160045,0.019176,0.009794,,,,,,,,,
110,0.916667,-0.000018,0.000012,-0.000015,-1.000000,0.060043,0.019156,0.076573,0.000007,0.010027,0.019150,0.009769,0.997338,0.009998,0.019180,0.210158,0.997267,0.160105,0.019138,0.009792,0.997709,-0.721387,0.712996,2.832322,-0.733643,0.731216,2.337113,-0.724877,0.718661,2.661389,0.009972,0.019169,0.009785,0.009945,0.019213,0.210166,0.160053,0.019174,0.009788,,,,,,,,,
111,0.925000,-0.000054,0.000014,0.000047,-1.000000,0.060037,0.019145,0.076569,0.000003,0.010021,0.019150,0.009765,0.998616,0.009991,0.019165,0.210154,0.997735,0.160099,0.019119,0.009788,0.998154,-0.721376,0.713010,2.832280,-0.733649,0.731229,2.337112,-0.724865,0.718653,2.661375,0.009965,0.019170,0.009777,0.009945,0.019197,0.210165,0.160046,0.019156,0.009788,,,,,,,,,
112,0.933333,0.000009,0.000000,-0.000008,-1.000000,0.060044,0.019149,0.076571,0.000029,0.010027,0.019140,0.009769,0.999497,0.010002,0.019181,0.210157,0.999246,0.160104,0.019126,0.009788,0.998903,-0.721389,0.713044,2.832235,-0.733654,0.731238,2.337059,-0.724873,0.718670,2.661340,0.009959,0.019166,0.009772,0.009947,0.019207,0.210182,0.160067,0.019159,0.009782,,,,,,,,,
113,0.941667,-0.000042,0.000022,0.000040,-1.000000,0.060053,0.019156,0.076570,0.000013,0.010038,0.019159,0.009765,0.996506,0.010005,0.019180,0.210154,0.996666,0.160116,0.019130,0.009791,0.996852,-0.721373,0.713026,2.832286,-0.733652,0.731265,2.337071,-0.724857,0.718672,2.661377,0.009976,0.019185,0.009767,0.009958,0.019207,0.210170,0.160067,0.019166,0.009791,,,,,,,,,
114,0.950000,0.000007,0.000002,-0.000037,-1.000000,0.060054,0.019147,0.076569,0.000010,0.010037,0.019135,0.009767,0.996662,0.010011,0.019176,0.210155,0.998160,0.160114,0.019130,0.009786,0.997601,-0.721389,0.713032,2.832265,-0.733665,0.731249,2.337090,-0.724874,0.718659,2.661417,0.009974,0.019157,0.009778,0.009962,0.019214,0.210155,0.160067,0.019158,0.009793,,,,,,,,,
115,0.958333,-0.000019,-0.000010,-0.000028,-1.000000,0.060051,0.019154,0.076566,0.000020,0.010032,0.019147,0.009765,0.994740,0.010011,0.019177,0.210154,0.995135,0.160109,0.019139,0.009781,0.995150,-0.724122,0.716958,2.824081,-0.733642,0.731251,2.337074,-0.724865,0.718676,2.661364,0.009971,0.019160,0.009790,0.009957,0.019213,0.210157,0.160069,0.019176,0.009773,,,,,,,,,
116,0.966667,-0.000018,-0.000007,0.000027,-1.000000,0.060058,0.019141,0.076564,0.000008,0.010039,0.019139,0.009762,0.998970,0.010017,0.019169,0.210151,0.996925,0.160117,0.019114,0.009779,0.997940,-0.724064,0.716888,2.824206,-0.733643,0.731262,2.337067,-0.724880,0.718661,2.661367,0.009980,0.019170,0.009761,0.009974,0.019203,0.210158,0.160057,0.019138,0.009794,,,,,,,,,
117,0.975000,-0.000001,0.000012,0.000003,-1.000000,0.060067,0.019141,0.076560,0.000013,0.010051,0.019134,0.009757,0.996198,0.010022,0.019171,0.210145,0.997379,0.160129,0.019117,0.009779,0.996711,-0.721378,0.713024,2.832256,-0.733651,0.731257,2.337071,-0.724882,0.718658,2.661381,0.009985,0.019162,0.009760,0.009976,0.019200,0.210161,0.160081,0.019150,0.009783,,,,,,,,,
118,0.983333,-0.000071,0.000004,0.000091,-1.000000,0.060059,0.019137,0.076561,0.000009,0.010042,0.019149,0.009758,0.997742,0.010016,0.019158,0.210147,0.997824,0.160119,0.019105,0.009778,0.997698,-0.721394,0.713030,2.832299,-0.733668,0.731252,2.337043,-0.724865,0.718651,2.661400,0.009983,0.019168,0.009774,0.009964,0.019193,0.210154,0.160070,0.019141,0.009777,,,,,,,,,
119,0.991667,0.000008,0.000017,-0.000025,-1.000000,0.060064,0.019156,0.076551,0.000012,0.010049,0.019145,0.009746,0.996822,0.010017,0.019186,0.210135,0.997562,0.160126,0.019136,0.009770,0.996630,-0.721374,0.713044,2.832239,-0.733637,0.731248,2.337068,-0.724865,0.718681,2.661319,0.009983,0.019170,0.009754,0.009970,0.019227,0.210133,0.160077,0.019163,0.009781,,,,,,,,,
120,1.000000,-0.000009,-0.000020,-0.000001,-1.000000,0.060070,0.019150,0.076558,0.000013,0.010049,0.019145,0.009757,0.997191,0.010033,0.019178,0.210146,0.998048,0.160127,0.019128,0.009770,0.995381,-0.721391,0.713053,2.832268,-0.733649,0.731268,2.337049,-0.724862,0.718679,2.661412,0.009977,0.019174,0.009758,0.009989,0.019217,0.210146,0.160077,0.019153,0.009785,,,,,,,,,
121,1.008333,-0.000034,0.000016,0.000047,-1.000000,0.060068,0.019149,0.076561,0.000009,0.010053,0.019151,0.009757,0.997191,0.010022,0.019175,0.210146,0.998048,0.160130,0.019121,0.009781,0.995381,-0.724154,0.717024,2.823973,-0.733657,0.731252,2.337091,-0.724865,0.718668,2.661367,0.009988,0.019177,0.009763,0.009970,0.019209,0.210157,0.160079,0.019153,0.009783,,,,,,,,,
122,1.016667,-0.000007,0.000053,0.000016,-1.000000,0.060075,0.019153,0.076552,0.000015,0.010064,0.019149,0.009744,0.997653,0.010018,0.019183,0.210133,0.998350,0.160142,0.019127,0.009779,0.997366,-0.724060,0.716925,2.824198,-0.733672,0.731254,2.337087,-0.724869,0.718650,2.661397,0.010001,0.019166,0.009765,0.009963,0.019221,0.210136,0.160093,0.019164,0.009772,,,,,,,,,
123,1.025000,0.000018,-0.000032,-0.000024,-1.000000,0.060088,0.019148,0.076543,0.000011,0.010066,0.019136,0.009744,0.996003,0.010054,0.019181,0.210132,0.996271,0.160143,0.019127,0.009753,0.996714,-0.721392,0.713034,2.832311,-0.733655,0.731254,2.337061,-0.724875,0.718665,2.661388,0.010000,0.019157,0.009752,0.010006,0.019219,0.210133,0.160097,0.019155,0.009761,,,,,,,,,
124,1.033333,-0.000059,-0.000033,0.000056,-1.000000,0.060076,0.019146,0.076554,0.000014,0.010054,0.019152,0.009755,0.996580,0.010043,0.019166,0.210143,0.998456,0.160132,0.019119,0.009764,0.996955,-0.721365,0.712992,2.832326,-0.733655,0.731234,2.337046,-0.724874,0.718653,2.661376,0.009988,0.019175,0.009762,0.009994,0.019198,0.210153,0.160093,0.019146,0.009766,,,,,,,,,
125,1.041667,-0.000018,-0.000016,-0.000026,-1.000000,0.060082,0.019139,0.076545,0.000015,0.010062,0.019132,0.009744,0.996321,0.010044,0.019162,0.210132,0.998288,0.160140,0.019123,0.009758,0.995135,-0.721389,0.713042,2.832266,-0.733662,0.731230,2.337093,-0.724873,0.718656,2.661381,0.009997,0.019153,0.009760,0.009993,0.019206,0.210126,0.160087,0.019153,0.009764,,,,,,,,,
126,1.050000,-0.000063,-0.000008,0.000038,-1.000000,0.060090,0.019150,0.076542,0.000008,0.010071,0.019155,0.009741,0.995692,0.010050,0.019168,0.210129,0.995781,0.160149,0.019128,0.009757,0.997132,-0.724135,0.717008,2.823977,-0.733649,0.731247,2.337065,-0.724853,0.718667,2.661357,0.010012,0.019183,0.009743,0.010003,0.019197,0.210144,0.160095,0.019160,0.009760,,,,,,,,,
127,1.058333,-0.000025,0.000001,0.000111,-1.000000,0.060089,0.019147,0.076549,0.000008,0.010072,0.019155,0.009747,0.997649,0.010047,0.019182,0.210135,0.997681,0.160150,0.019105,0.009766,0.998605,-0.724082,0.716930,2.824215,-0.733639,0.731253,2.337076,-0.724871,0.718679,2.661370,0.010006,0.019183,0.009750,0.010002,0.019217,0.210142,0.160100,0.019133,0.009776,,,,,,,,,
128,1.066667,0.000001,0.000019,-0.000005,-1.000000,0.060097,0.019137,0.076543,0.000015,0.010082,0.019129,0.009739,0.995805,0.010050,0.019167,0.210127,0.998018,0.160159,0.019114,0.009763,0.994613,-0.721394,0.713039,2.832263,-0.733653,0.731251,2.337070,-0.724876,0.718671,2.661355,0.010011,0.019156,0.009745,0.009998,0.019202,0.210137,0.160120,0.019140,0.009766,,,,,,,,,
129,1.075000,-0.000010,0.000002,-0.000005,-1.000000,0.060101,0.019143,0.076538,0.000012,0.010083,0.019137,0.009736,0.995535,0.010058,0.019170,0.210124,0.998214,0.160161,0.019122,0.009755,0.997091,-0.724130,0.716986,2.824020,-0.733652,0.731257,2.337062,-0.724865,0.718655,2.661382,0.010016,0.019156,0.009748,0.010008,0.019209,0.210123,0.160117,0.019150,0.009760,,,,,,,,,
130,1.083333,-0.000090,-0.000034,0.000079,-1.000000,0.060103,0.019138,0.076537,0.000014,0.010081,0.019151,0.009738,0.995431,0.010070,0.019152,0.210126,0.998054,0.160158,0.019111,0.009746,0.996208,-0.724068,0.716920,2.824168,-0.733644,0.731240,2.337104,-0.724863,0.718663,2.661382,0.010014,0.019174,0.009752,0.010019,0.019191,0.210129,0.160118,0.019139,0.009751,,,,,,,,,
131,1.091667,-0.000021,-0.000013,0.000049,-1.000000,0.060104,0.019151,0.076542,0.000012,0.010084,0.019152,0.009741,0.996804,0.010065,0.019181,0.210129,0.998454,0.160162,0.019120,0.009756,0.995645,-0.721384,0.713038,2.832287,-0.733665,0.731274,2.337064,-0.724865,0.718670,2.661385,0.010014,0.019179,0.009750,0.010014,0.019213,0.210140,0.160116,0.019157,0.009757,,,,,,,,,
132,1.100000,-0.000010,-0.000007,0.000020,-1.000000,0.060106,0.019150,0.076540,0.000017,0.010087,0.019146,0.009738,0.996567,0.010066,0.019179,0.210127,0.996360,0.160165,0.019124,0.009755,0.994030,-0.724125,0.716984,2.824037,-0.733660,0.731263,2.337065,-0.724894,0.718684,2.661375,0.010020,0.019170,0.009750,0.010012,0.019208,0.210143,0.160120,0.019163,0.009747,,,,,,,,,
133,1.108333,-0.000038,-0.000049,-0.000000,-1.000000,0.060106,0.019144,0.076541,0.000022,0.010081,0.019142,0.009743,0.995958,0.010077,0.019164,0.210132,0.994785,0.160159,0.019125,0.009748,0.992397,-0.724105,0.716951,2.824085,-0.733645,0.731251,2.337080,-0.724868,0.718670,2.661335,0.010014,0.019165,0.009755,0.010017,0.019192,0.210151,0.160117,0.019163,0.009736,,,,,,,,,
134,1.116667,-0.000041,-0.000007,0.000059,-1.000000,0.060111,0.019137,0.076537,0.000012,0.010092,0.019142,0.009735,0.996215,0.010071,0.019163,0.210124,0.998163,0.160170,0.019108,0.009752,0.996390,-0.721395,0.712996,2.832284,-0.733642,0.731250,2.337079,-0.724867,0.718651,2.661384,0.010026,0.019162,0.009748,0.010019,0.019200,0.210128,0.160126,0.019136,0.009754,,,,,,,,,
135,1.125000,-0.000044,-0.000009,0.000046,-1.000000,0.060111,0.019137,0.076531,0.000020,0.010092,0.019140,0.009730,0.994703,0.010071,0.019160,0.210118,0.996178,0.160169,0.019110,0.009746,0.994285,-0.721394,0.713016,2.832298,-0.733663,0.731270,2.337044,-0.724863,0.718644,2.661374,0.010022,0.019160,0.009749,0.010019,0.019195,0.210124,0.160129,0.019143,0.009739,,,,,,,,,
136,1.133333,-0.000079,0.000012,0.000098,-1.000000,0.060118,0.019147,0.076522,0.000015,0.010102,0.019160,0.009718,0.994703,0.010073,0.019166,0.210107,0.996178,0.160180,0.019114,0.009741,0.994285,-0.721379,0.713006,2.832340,-0.733650,0.731249,2.337080,-0.724878,0.718664,2.661353,0.010040,0.019180,0.009733,0.010013,0.019199,0.210120,0.160134,0.019151,0.009730,,,,,,,,,
137,1.141667,0.000015,0.000006,0.000037,-1.000000,0.060109,0.019148,0.076533,0.000010,0.010092,0.019143,0.009730,0.997880,0.010066,0.019186,0.210118,0.996347,0.160170,0.019115,0.009750,0.994507,-0.721381,0.713026,2.832272,-0.733661,0.731272,2.337070,-0.724870,0.718685,2.661346,0.010022,0.019168,0.009740,0.010015,0.019225,0.210121,0.160122,0.019146,0.009755,,,,,,,,,
138,1.150000,-0.000078,-0.000004,0.000113,-1.000000,0.060123,0.019146,0.076533,0.000008,0.010105,0.019161,0.009730,0.996312,0.010082,0.019167,0.210119,0.998972,0.160183,0.019111,0.009748,0.997161,-0.721423,0.713039,2.832244,-0.733658,0.731268,2.337066,-0.724871,0.718662,2.661401,0.010041,0.019185,0.009741,0.010027,0.019202,0.210130,0.160128,0.019149,0.009741,,,,,,,,,
139,1.158333,-0.000000,-0.000005,0.000012,-1.000000,0.060129,0.019143,0.076526,0.000013,0.010110,0.019138,0.009724,0.998814,0.010088,0.019175,0.210113,0.998210,0.160188,0.019118,0.009742,0.997042,-0.724156,0.717004,2.823998,-0.733657,0.731249,2.337106,-0.724872,0.718660,2.661393,0.010043,0.019158,0.009738,0.010033,0.019215,0.210116,0.160141,0.019151,0.009740,,,,,,,,,
140,1.166667,-0.000019,-0.000012,-0.000011,-1.000000,0.060121,0.019147,0.076521,0.000020,0.010101,0.019142,0.009719,0.996098,0.010082,0.019171,0.210108,0.997549,0.160179,0.019128,0.009735,0.996314,-0.724066,0.716893,2.824210,-0.733665,0.731241,2.337078,-0.724887,0.718663,2.661347,0.010040,0.019157,0.009739,0.010026,0.019203,0.210119,0.160140,0.019163,0.009722,,,,,,,,,
141,1.175000,-0.000022,-0.000032,0.000021,-1.000000,0.060121,0.019132,0.076524,0.000017,0.010099,0.019130,0.009724,0.996128,0.010087,0.019158,0.210113,0.995276,0.160176,0.019107,0.009734,0.993632,-0.721381,0.713014,2.832277,-0.733644,0.731227,2.337095,-0.724889,0.718642,2.661372,0.010036,0.019149,0.009742,0.010030,0.019194,0.210122,0.160134,0.019141,0.009727,,,,,,,,,
142,1.183333,-0.000044,-0.000048,0.000066,-1.000000,0.060129,0.019143,0.076526,0.000027,0.010105,0.019149,0.009728,0.996385,0.010100,0.019169,0.210117,0.996254,0.160183,0.019112,0.009732,0.994759,-0.721401,0.713033,2.832280,-0.733646,0.731246,2.337076,-0.724866,0.718657,2.661376,0.010036,0.019170,0.009740,0.010040,0.019200,0.210135,0.160149,0.019148,0.009722,,,,,,,,,
143,1.191667,0.000012,-0.000030,0.000008,-1.000000,0.060136,0.019151,0.076525,0.000018,0.010114,0.019144,0.009725,0.996483,0.010102,0.019186,0.210114,0.995444,0.160192,0.019125,0.009735,0.994408,-0.721383,0.713037,2.832264,-0.733651,0.731255,2.337101,-0.724872,0.718692,2.661364,0.010054,0.019160,0.009745,0.010043,0.019221,0.210124,0.160150,0.019162,0.009725,,,,,,,,,
144,1.200000,-0.000043,0.000027,0.000037,-1.000000,0.060135,0.019146,0.076530,0.000012,0.010120,0.019148,0.009725,0.997288,0.010085,0.019168,0.210113,0.998182,0.160198,0.019121,0.009752,0.995552,-0.721385,0.713050,2.832279,-0.733645,0.731273,2.337050,-0.724870,0.718673,2.661363,0.010053,0.019174,0.009736,0.010034,0.019201,0.210124,0.160152,0.019156,0.009749,,,,,,,,,
145,1.208333,0.000051,0.000011,-0.000047,-1.000000,0.060135,0.019135,0.076534,0.000019,0.010119,0.019117,0.009730,0.996619,0.010090,0.019175,0.210119,0.994790,0.160196,0.019115,0.009752,0.994580,-0.721396,0.713030,2.832294,-0.733656,0.731275,2.337037,-0.724882,0.718678,2.661364,0.010058,0.019141,0.009739,0.010038,0.019200,0.210140,0.160150,0.019150,0.009742,,,,,,,,,
146,1.216667,-0.000026,0.000013,0.000030,-1.000000,0.060135,0.019149,0.076521,0.000010,0.010119,0.019148,0.009717,0.996565,0.010089,0.019175,0.210106,0.997307,0.160196,0.019123,0.009740,0.998357,-0.721384,0.713012,2.832269,-0.733646,0.731257,2.337092,-0.724884,0.718658,2.661385,0.010059,0.019168,0.009735,0.010040,0.019215,0.210105,0.160146,0.019153,0.009743,,,,,,,,,
147,1.225000,-0.000050,-0.000040,0.000069,-1.000000,0.060138,0.019138,0.076518,0.000019,0.010115,0.019144,0.009719,0.995533,0.010106,0.019162,0.210108,0.996647,0.160193,0.019107,0.009726,0.993529,-0.721407,0.713062,2.832190,-0.733659,0.731256,2.337074,-0.724889,0.718675,2.661376,0.010047,0.019167,0.009727,0.010053,0.019194,0.210121,0.160155,0.019136,0.009724,,,,,,,,,
148,1.233333,-0.000031,-0.000012,0.000023,-1.000000,0.060145,0.019137,0.076519,0.000014,0.010125,0.019136,0.009718,0.996390,0.010106,0.019161,0.210107,0.997731,0.160203,0.019113,0.009733,0.995425,-0.721387,0.713050,2.832263,-0.733645,0.731260,2.337063,-0.724882,0.718672,2.661359,0.010056,0.019160,0.009732,0.010055,0.019195,0.210115,0.160157,0.019147,0.009730,,,,,,,,,
149,1.241667,-0.000020,0.000005,0.000043,-1.000000,0.060150,0.019151,0.076510,0.000012,0.010133,0.019151,0.009707,0.996411,0.010107,0.019180,0.210095,0.998312,0.160211,0.019121,0.009727,0.996034,-0.724131,0.716956,2.824055,-0.733644,0.731243,2.337091,-0.724897,0.718676,2.661358,0.010065,0.019176,0.009719,0.010058,0.019217,0.210102,0.160167,0.019148,0.009727,,,,,,,,,
150,1.250000,-0.000033,-0.000025,-0.000001,-1.000000,0.060155,0.019151,0.076515,0.000011,0.010134,0.019148,0.009715,0.996521,0.010120,0.019173,0.210103,0.998650,0.160212,0.019132,0.009726,0.996485,-0.724112,0.716959,2.824081,-0.733658,0.731262,2.337082,-0.724883,0.718680,2.661359,0.010065,0.019175,0.009725,0.010069,0.019210,0.210109,0.160166,0.019159,0.009728,,,,,,,,,
151,1.258333,-0.000037,0.000003,0.000058,-1.000000,0.060155,0.019143,0.076521,0.000005,0.010138,0.019146,0.009718,0.996521,0.010112,0.019169,0.210107,0.998650,0.160216,0.019113,0.009738,0.996485,-0.721395,0.713023,2.832258,-0.733646,0.731281,2.337040,-0.724863,0.718662,2.661397,0.010078,0.019169,0.009729,0.010059,0.019204,0.210116,0.160161,0.019148,0.009737,,,,,,,,,
152,1.266667,0.000001,-0.000052,0.000038,-1.000000,0.060154,0.019153,0.076506,0.000013,0.010130,0.019149,0.009709,0.999238,0.010126,0.019187,0.210097,0.998860,0.160207,0.019122,0.009712,0.998404,-0.724153,0.717019,2.823984,-0.733651,0.731267,2.337072,-0.724889,0.718675,2.661374,0.010066,0.019173,0.009724,0.010070,0.019226,0.210103,0.160161,0.019154,0.009709,,,,,,,,,
153,1.275000,-0.000003,-0.000039,0.000035,-1.000000,0.060149,0.019149,0.076510,0.000021,0.010126,0.019146,0.009711,0.996727,0.010117,0.019182,0.210100,0.997206,0.160204,0.019119,0.009718,0.996273,-0.724068,0.716954,2.824129,-0.733648,0.731281,2.337041,-0.724888,0.718651,2.661408,0.010052,0.019174,0.009719,0.010065,0.019216,0.210112,0.160169,0.019148,0.009721,,,,,,,,,
154,1.283333,-0.000023,-0.000003,0.000052,-1.000000,0.060161,0.019144,0.076512,0.000018,0.010143,0.019146,0.009710,0.994490,0.010120,0.019174,0.210098,0.997176,0.160221,0.019113,0.009728,0.992695,-0.721398,0.713043,2.832259,-0.733629,0.731251,2.337078,-0.724873,0.718658,2.661405,0.010070,0.019169,0.009723,0.010067,0.019210,0.210104,0.160181,0.019143,0.009725,,,,,,,,,
155,1.291667,0.000044,-0.000020,-0.000002,-1.000000,0.060163,0.019146,0.076508,0.000010,0.010142,0.019133,0.009708,0.994967,0.010126,0.019188,0.210096,0.997249,0.160220,0.019117,0.009721,0.993978,-0.721380,0.713035,2.832287,-0.733652,0.731243,2.337083,-0.724869,0.718665,2.661377,0.010082,0.019155,0.009722,0.010072,0.019223,0.210104,0.160174,0.019146,0.009721,,,,,,,,,
156,1.300000,-0.000007,-0.000056,-0.000012,-1.000000,0.060160,0.019149,0.076514,0.000027,0.010134,0.019141,0.009717,0.997504,0.010132,0.019176,0.210106,0.997901,0.160212,0.019129,0.009719,0.996943,-0.721394,0.713015,2.832314,-0.733657,0.731267,2.337070,-0.724868,0.718683,2.661373,0.010064,0.019159,0.009737,0.010081,0.019205,0.210120,0.160184,0.019162,0.009709,,,,,,,,,
157,1.308333,-0.000027,0.000003,0.000112,-1.000000,0.060150,0.019144,0.076512,0.000021,0.010133,0.019152,0.009709,0.994095,0.010107,0.019178,0.210098,0.995129,0.160211,0.019102,0.009729,0.990599,-0.721395,0.713033,2.832286,-0.733654,0.731268,2.337055,-0.724878,0.718664,2.661378,0.010066,0.019171,0.009728,0.010054,0.019215,0.210104,0.160173,0.019132,0.009723,,,,,,,,,
158,1.316667,-0.000010,-0.000022,0.000063,-1.000000,0.060160,0.019142,0.076504,0.000018,0.010139,0.019143,0.009704,0.995334,0.010123,0.019177,0.210093,0.996940,0.160216,0.019108,0.009716,0.994118,-0.724121,0.716974,2.824069,-0.733651,0.731250,2.337069,-0.724876,0.718673,2.661339,0.010071,0.019164,0.009718,0.010067,0.019213,0.210099,0.160179,0.019137,0.009715,,,,,,,,,
159,1.325000,-0.000080,-0.000005,0.000091,-1.000000,0.060164,0.019145,0.076499,0.000018,0.010145,0.019158,0.009697,0.995943,0.010123,0.019163,0.210085,0.996429,0.160223,0.019114,0.009714,0.994284,-0.724121,0.716959,2.824075,-0.733644,0.731261,2.337063,-0.724872,0.718632,2.661393,0.010081,0.019176,0.009713,0.010069,0.019199,0.210094,0.160184,0.019145,0.009708,,,,,,,,,
160,1.333333,-0.000050,-0.000030,0.000003,-1.000000,0.060167,0.019141,0.076507,0.000017,0.010145,0.019141,0.009707,0.995573,0.010133,0.019159,0.210096,0.996539,0.160223,0.019124,0.009717,0.995479,-0.721404,0.713059,2.832228,-0.733632,0.731264,2.337059,-0.724854,0.718656,2.661386,0.010085,0.019159,0.009725,0.010080,0.019196,0.210100,0.160185,0.019152,0.009715,,,,,,,,,
161,1.341667,0.000001,-0.000029,0.000023,-1.000000,0.060171,0.019136,0.076513,0.000014,0.010150,0.019131,0.009713,0.997849,0.010137,0.019168,0.210102,0.996848,0.160227,0.019108,0.009723,0.994816,-0.721399,0.713062,2.832249,-0.733653,0.731260,2.337098,-0.724875,0.718682,2.661365,0.010091,0.019152,0.009727,0.010082,0.019200,0.210116,0.160185,0.019140,0.009716,,,,,,,,,
162,1.350000,-0.000068,-0.000040,0.000073,-1.000000,0.060165,0.019133,0.076515,0.000025,0.010142,0.019143,0.009716,0.994529,0.010134,0.019153,0.210105,0.994781,0.160220,0.019104,0.009723,0.992082,-0.724175,0.717005,2.824020,-0.733650,0.731265,2.337066,-0.724881,0.718641,2.661429,0.010075,0.019168,0.009726,0.010082,0.019179,0.210125,0.160185,0.019137,0.009719,,,,,,,,,
163,1.358333,-0.000040,-0.000021,0.000094,-1.000000,0.060172,0.019126,0.076511,0.000016,0.010151,0.019134,0.009711,0.995844,0.010135,0.019155,0.210100,0.996841,0.160229,0.019089,0.009724,0.995487,-0.724251,0.717090,2.823779,-0.733652,0.731255,2.337074,-0.724880,0.718681,2.661354,0.010087,0.019152,0.009727,0.010081,0.019191,0.210104,0.160187,0.019118,0.009720,,,,,,,,,
164,1.366667,-0.000017,-0.000063,0.000004,-1.000000,0.060170,0.019136,0.076501,0.000021,0.010144,0.019132,0.009704,0.994928,0.010145,0.019163,0.210093,0.994969,0.160222,0.019114,0.009704,0.994289,-0.724195,0.717008,2.823957,-0.733648,0.731262,2.337053,-0.724874,0.718655,2.661395,0.010083,0.019146,0.009727,0.010088,0.019201,0.210098,0.160184,0.019145,0.009695,,,,,,,,,
165,1.375000,-0.000061,-0.000043,0.000095,-1.000000,0.060172,0.019137,0.076503,0.000019,0.010149,0.019147,0.009704,0.994250,0.010142,0.019160,0.210093,0.995310,0.160227,0.019102,0.009710,0.996183,-0.721391,0.713018,2.832283,-0.733647,0.731262,2.337073,-0.724886,0.718675,2.661391,0.010090,0.019161,0.009729,0.010087,0.019202,0.210091,0.160188,0.019129,0.009707,,,,,,,,,
166,1.383333,-0.000005,-0.000025,0.000102,-1.000000,0.060175,0.019136,0.076509,0.000017,0.010154,0.019140,0.009709,0.994250,0.010140,0.019175,0.210098,0.995310,0.160232,0.019093,0.009721,0.996183,-0.721400,0.713073,2.832225,-0.733643,0.731260,2.337063,-0.724864,0.718676,2.661386,0.010089,0.019164,0.009719,0.010092,0.019205,0.210113,0.160194,0.019122,0.009719,,,,,,,,,
167,1.391667,-0.000065,-0.000045,0.000071,-1.000000,0.060174,0.019132,0.076504,0.000022,0.010151,0.019140,0.009706,0.995915,0.010144,0.019152,0.210094,0.997033,0.160228,0.019103,0.009711,0.994159,-0.724139,0.716980,2.824030,-0.733653,0.731268,2.337062,-0.724865,0.718672,2.661330,0.010084,0.019166,0.009713,0.010093,0.019181,0.210110,0.160195,0.019126,0.009711,,,,,,,,,
168,1.400000,-0.000009,-0.000019,0.000044,-1.000000,0.060173,0.019135,0.076505,0.000025,0.010153,0.019133,0.009705,0.994822,0.010136,0.019167,0.210093,0.996012,0.160231,0.019104,0.009718,0.992991,-0.724072,0.716905,2.824214,-0.733656,0.731264,2.337081,-0.724889,0.718687,2.661364,0.010086,0.019156,0.009716,0.010079,0.019198,0.210109,0.160201,0.019133,0.009713,,,,,,,,,
169,1.408333,0.000008,-0.000074,-0.000002,-1.000000,0.060180,0.019140,0.076499,0.000024,0.010153,0.019132,0.009704,0.994824,0.010158,0.019172,0.210093,0.995444,0.160230,0.019116,0.009701,0.991206,-0.724218,0.717087,2.823836,-0.733648,0.731263,2.337061,-0.724871,0.718669,2.661387,0.010085,0.019149,0.009722,0.010102,0.019211,0.210099,0.160198,0.019146,0.009695,,,,,,,,,
170,1.416667,-0.000051,-0.000048,0.000061,-1.000000,0.060184,0.019145,0.076498,0.000014,0.010160,0.019151,0.009700,0.994062,0.010155,0.019167,0.210089,0.995546,0.160238,0.019116,0.009705,0.992630,-0.724159,0.717003,2.823979,-0.733655,0.731272,2.337072,-0.724878,0.718672,2.661373,0.010091,0.019174,0.009713,0.010109,0.019199,0.210096,0.160197,0.019144,0.009706,,,,,,,,,
171,1.425000,0.000016,-0.000055,-0.000004,-1.000000,0.060185,0.019132,0.076499,0.000023,0.010160,0.019123,0.009702,0.995857,0.010157,0.019166,0.210091,0.998355,0.160238,0.019107,0.009705,0.995438,-0.724192,0.717015,2.823925,-0.733666,0.731275,2.337065,-0.724883,0.718665,2.661338,0.010094,0.019140,0.009718,0.010106,0.019201,0.210098,0.160212,0.019129,0.009705,,,,,,,,,
172,1.433333,-0.000023,-0.000052,0.000050,-1.000000,0.060186,0.019131,0.076496,0.000024,0.010161,0.019132,0.009698,0.993984,0.010157,0.019160,0.210087,0.996379,0.160239,0.019100,0.009702,0.992494,-0.724162,0.716998,2.823955,-0.733657,0.731259,2.337076,-0.724874,0.718658,2.661342,0.010105,0.019147,0.009715,0.010100,0.019187,0.210108,0.160206,0.019134,0.009687,,,,,,,,,
173,1.441667,-0.000061,-0.000040,0.000050,-1.000000,0.060183,0.019130,0.076495,0.000020,0.010159,0.019136,0.009696,0.994515,0.010151,0.019149,0.210085,0.996483,0.160237,0.019105,0.009703,0.993650,-0.721369,0.713040,2.832258,-0.733661,0.731246,2.337061,-0.724896,0.718652,2.661384,0.010095,0.019154,0.009714,0.010102,0.019182,0.210092,0.160206,0.019129,0.009702,,,,,,,,,
174,1.450000,-0.000063,-0.000055,0.000026,-1.000000,0.060183,0.019143,0.076490,0.000026,0.010158,0.019147,0.009693,0.993863,0.010156,0.019159,0.210082,0.996392,0.160236,0.019123,0.009696,0.990549,-0.721394,0.713026,2.832315,-0.733660,0.731260,2.337064,-0.724865,0.718650,2.661398,0.010087,0.019169,0.009705,0.010103,0.019190,0.210095,0.160212,0.019146,0.009696,,,,,,,,,
175,1.458333,-0.000022,-0.000052,0.000023,-1.000000,0.060185,0.019139,0.076496,0.000026,0.010160,0.019137,0.009698,0.994015,0.010157,0.019166,0.210087,0.993904,0.160238,0.019114,0.009702,0.992311,-0.721412,0.713054,2.832245,-0.733670,0.731266,2.337072,-0.724876,0.718661,2.661424,0.010100,0.019150,0.009724,0.010101,0.019202,0.210095,0.160208,0.019147,0.009690,,,,,,,,,
176,1.466667,-0.000018,-0.000051,-0.000007,-1.000000,0.060188,0.019134,0.076494,0.000020,0.010163,0.019129,0.009697,0.996694,0.010159,0.019159,0.210086,0.995939,0.160241,0.019114,0.009701,0.992663,-0.721411,0.713052,2.832204,-0.733656,0.731264,2.337052,-0.724883,0.718656,2.661365,0.010101,0.019148,0.009712,0.010104,0.019187,0.210101,0.160205,0.019143,0.009691,,,,,,,,,
177,1.475000,-0.000048,-0.000027,0.000006,-1.000000,0.060198,0.019151,0.076483,0.000021,0.010177,0.019151,0.009683,0.995047,0.010164,0.019169,0.210072,0.996586,0.160255,0.019133,0.009694,0.992337,-0.721379,0.713021,2.832270,-0.733667,0.731243,2.337080,-0.724874,0.718642,2.661391,0.010105,0.019176,0.009695,0.010111,0.019200,0.210086,0.160219,0.019163,0.009690,,,,,,,,,
178,1.483333,-0.000021,-0.000059,-0.000026,-1.000000,0.060201,0.019138,0.076482,0.000027,0.010176,0.019132,0.009686,0.993375,0.010175,0.019160,0.210074,0.994127,0.160254,0.019123,0.009687,0.992423,-0.724152,0.716996,2.823999,-0.733651,0.731240,2.337090,-0.724854,0.718640,2.661388,0.010110,0.019147,0.009709,0.010114,0.019200,0.210078,0.160221,0.019152,0.009678,,,,,,,,,
179,1.491667,-0.000034,-0.000056,0.000043,-1.000000,0.060205,0.019137,0.076489,0.000024,0.010179,0.019139,0.009692,0.993585,0.010178,0.019163,0.210081,0.996299,0.160257,0.019109,0.009694,0.992369,-0.724018,0.716855,2.824363,-0.733652,0.731243,2.337084,-0.724883,0.718659,2.661348,0.010107,0.019159,0.009708,0.010124,0.019198,0.210087,0.160227,0.019135,0.009693,,,,,,,,,
180,1.500000,-0.000054,-0.000027,-0.000022,-1.000000,0.060200,0.019146,0.076488,0.000026,0.010179,0.019145,0.009688,0.994051,0.010165,0.019160,0.210076,0.994753,0.160257,0.019135,0.009699,0.991944,-0.721417,0.713055,2.832202,-0.733656,0.731268,2.337079,-0.724882,0.718645,2.661398,0.010113,0.019161,0.009708,0.010109,0.019195,0.210084,0.160226,0.019162,0.009689,,,,,,,,,
181,1.508333,-0.000019,-0.000032,0.000009,-1.000000,0.060209,0.019145,0.076481,0.000021,0.010187,0.019141,0.009682,0.994051,0.010175,0.019171,0.210071,0.994753,0.160264,0.019122,0.009691,0.991944,-0.724142,0.716955,2.824108,-0.733653,0.731251,2.337083,-0.724883,0.718656,2.661423,0.010126,0.019162,0.009698,0.010118,0.019199,0.210088,0.160229,0.019153,0.009680,,,,,,,,,
182,1.516667,0.000002,-0.000064,0.000029,-1.000000,0.060203,0.019134,0.076487,0.000020,0.010177,0.019130,0.009691,0.996675,0.010178,0.019168,0.210080,0.995284,0.160254,0.019105,0.009691,0.992332,-0.724060,0.716911,2.824232,-0.733666,0.731249,2.337092,-0.724891,0.718637,2.661407,0.010114,0.019149,0.009708,0.010122,0.019201,0.210092,0.160218,0.019137,0.009681,,,,,,,,,
183,1.525000,-0.000037,-0.000018,0.000052,-1.000000,0.060211,0.019139,0.076482,0.000026,0.010191,0.019142,0.009681,0.996139,0.010173,0.019165,0.210070,0.995692,0.160268,0.019110,0.009695,0.992929,-0.721400,0.712972,2.832392,-0.733659,0.731241,2.337092,-0.724897,0.718642,2.661392,0.010122,0.019166,0.009688,0.010122,0.019191,0.210088,0.160238,0.019138,0.009692,,,,,,,,,
184,1.533333,-0.000017,-0.000054,0.000098,-1.000000,0.060198,0.019134,0.076481,0.000012,0.010173,0.019139,0.009684,0.993814,0.010170,0.019169,0.210072,0.994848,0.160251,0.019093,0.009687,0.991605,-0.721409,0.712976,2.832373,-0.733664,0.731229,2.337079,-0.724897,0.718631,2.661402,0.010120,0.019157,0.009700,0.010119,0.019198,0.210088,0.160210,0.019123,0.009680,,,,,,,,,
185,1.541667,-0.000032,-0.000041,-0.000000,-1.000000,0.060214,0.019145,0.076484,0.000028,0.010191,0.019142,0.009685,0.998320,0.010183,0.019167,0.210074,0.996914,0.160268,0.019126,0.009692,0.995461,-0.721386,0.712983,2.832367,-0.733658,0.731230,2.337103,-0.724898,0.718633,2.661424,0.010119,0.019159,0.009708,0.010128,0.019201,0.210080,0.160238,0.019158,0.009683,,,,,,,,,
186,1.550000,-0.000050,-0.000046,0.000030,-1.000000,0.060215,0.019147,0.076477,0.000030,0.010191,0.019149,0.009679,0.992831,0.010185,0.019167,0.210068,0.994675,0.160269,0.019124,0.009684,0.991495,-0.721380,0.712991,2.832394,-0.733650,0.731268,2.337100,-0.724889,0.718634,2.661428,0.010122,0.019172,0.009691,0.010130,0.019194,0.210089,0.160240,0.019155,0.009673,,,,,,,,,
187,1.558333,-0.000033,-0.000059,0.000039,-1.000000,0.060220,0.019143,0.076475,0.000020,0.010195,0.019144,0.009678,0.993913,0.010194,0.019168,0.210067,0.993691,0.160272,0.019116,0.009680,0.989940,-0.721389,0.712999,2.832406,-0.733674,0.731251,2.337087,-0.724884,0.718636,2.661421,0.010139,0.019162,0.009701,0.010134,0.019204,0.210077,0.160232,0.019147,0.009666,,,,,,,,,
188,1.566667,-0.000029,-0.000091,0.000024,-1.000000,0.060220,0.019137,0.076472,0.000025,0.010190,0.019136,0.009679,0.994900,0.010202,0.019162,0.210068,0.994371,0.160268,0.019113,0.009671,0.991931,-0.721393,0.712983,2.832391,-0.733658,0.731239,2.337094,-0.724883,0.718640,2.661383,0.010129,0.019153,0.009702,0.010144,0.019193,0.210080,0.160237,0.019143,0.009659,,,,,,,,,
189,1.575000,-0.000037,-0.000058,0.000017,-1.000000,0.060223,0.019144,0.076470,0.000016,0.010198,0.019144,0.009673,0.996278,0.010197,0.019167,0.210062,0.996601,0.160276,0.019123,0.009675,0.994850,-0.721376,0.712944,2.832411,-0.733666,0.731214,2.337131,-0.724873,0.718605,2.661412,0.010135,0.019163,0.009691,0.010145,0.019200,0.210071,0.160235,0.019154,0.009668,,,,,,,,,
190,1.583333,-0.000056,-0.000079,0.000015,-1.000000,0.060228,0.019136,0.076473,0.000028,0.010200,0.019138,0.009678,0.994790,0.010207,0.019153,0.210067,0.993581,0.160277,0.019117,0.009673,0.990495,-0.721394,0.712981,2.832390,-0.733653,0.731220,2.337139,-0.724882,0.718630,2.661383,0.010136,0.019159,0.009691,0.010151,0.019178,0.210088,0.160247,0.019148,0.009661,,,,,,,,,
191,1.591667,-0.000020,-0.000058,0.000018,-1.000000,0.060227,0.019136,0.076474,0.000022,0.010202,0.019134,0.009677,0.996411,0.010201,0.019163,0.210065,0.994759,0.160279,0.019112,0.009678,0.992071,-0.721416,0.712991,2.832397,-0.733661,0.731242,2.337082,-0.724881,0.718652,2.661422,0.010142,0.019152,0.009694,0.010137,0.019197,0.210079,0.160245,0.019142,0.009666,,,,,,,,,
192,1.600000,-0.000017,-0.000077,0.000018,-1.000000,0.060233,0.019140,0.076475,0.000025,0.010205,0.019138,0.009680,0.995297,0.010211,0.019168,0.210069,0.994561,0.160282,0.019116,0.009676,0.991095,-0.721403,0.712990,2.832347,-0.733677,0.731254,2.337105,-0.724885,0.718646,2.661391,0.010140,0.019157,0.009694,0.010154,0.019196,0.210087,0.160250,0.019146,0.009665,,,,,,,,,
193,1.608333,-0.000063,-0.000085,0.000085,-1.000000,0.060237,0.019131,0.076469,0.000017,0.010208,0.019141,0.009675,0.995563,0.010218,0.019153,0.210064,0.996729,0.160285,0.019099,0.009669,0.994863,-0.721376,0.713011,2.832356,-0.733648,0.731236,2.337109,-0.724883,0.718642,2.661439,0.010140,0.019161,0.009692,0.010163,0.019189,0.210070,0.160243,0.019133,0.009664,,,,,,,,,
194,1.616667,-0.000069,-0.000090,0.000087,-1.000000,0.060237,0.019123,0.076474,0.000015,0.010207,0.019134,0.009681,0.996876,0.010219,0.019144,0.210069,0.997307,0.160285,0.019091,0.009673,0.994853,-0.724129,0.716914,2.824219,-0.733663,0.731241,2.337084,-0.724882,0.718624,2.661413,0.010148,0.019152,0.009694,0.010168,0.019176,0.210079,0.160248,0.019116,0.009670,,,,,,,,,
195,1.625000,-0.000015,-0.000091,0.000020,-1.000000,0.060235,0.019129,0.076464,0.000035,0.010205,0.019126,0.009670,0.993300,0.010217,0.019157,0.210059,0.992928,0.160283,0.019103,0.009662,0.987617,-0.724047,0.716816,2.824366,-0.733666,0.731237,2.337078,-0.724882,0.718628,2.661381,0.010138,0.019139,0.009693,0.010159,0.019183,0.210076,0.160264,0.019135,0.009644,,,,,,,,,
196,1.633333,-0.000060,-0.000109,0.000024,-1.000000,0.060247,0.019132,0.076470,0.000027,0.010215,0.019136,0.009678,0.993300,0.010234,0.019149,0.210067,0.992928,0.160293,0.019112,0.009665,0.987617,-0.721405,0.712994,2.832375,-0.733658,0.731233,2.337093,-0.724883,0.718639,2.661427,0.010154,0.019156,0.009694,0.010177,0.019174,0.210089,0.160263,0.019139,0.009651,,,,,,,,,
197,1.641667,-0.000052,-0.000067,-0.000000,-1.000000,0.060245,0.019141,0.076464,0.000030,0.010218,0.019141,0.009668,0.995321,0.010221,0.019158,0.210057,0.993555,0.160296,0.019125,0.009667,0.990590,-0.721400,0.713030,2.832312,-0.733655,0.731248,2.337110,-0.724886,0.718648,2.661430,0.010149,0.019164,0.009680,0.010163,0.019183,0.210079,0.160263,0.019161,0.009651,,,,,,,,,
198,1.650000,-0.000001,-0.000096,0.000028,-1.000000,0.060248,0.019143,0.076465,0.000021,0.010217,0.019139,0.009672,0.994161,0.010231,0.019176,0.210061,0.993112,0.160295,0.019114,0.009663,0.989903,-0.721368,0.713001,2.832356,-0.733648,0.731261,2.337071,-0.724881,0.718636,2.661432,0.010147,0.019164,0.009680,0.010184,0.019203,0.210074,0.160264,0.019138,0.009664,,,,,,,,,
199,1.658333,0.000003,-0.000090,-0.000027,-1.000000,0.060246,0.019129,0.076463,0.000030,0.010216,0.019119,0.009670,0.994544,0.010228,0.019158,0.210058,0.997092,0.160294,0.019111,0.009661,0.992788,-0.721387,0.712992,2.832369,-0.733668,0.731238,2.337113,-0.724890,0.718635,2.661453,0.010151,0.019140,0.009682,0.010170,0.019183,0.210081,0.160262,0.019144,0.009645,,,,,,,,,
200,1.666667,-0.000009,-0.000050,0.000009,-1.000000,0.060257,0.019140,0.076452,0.000020,0.010233,0.019135,0.009654,0.994578,0.010228,0.019169,0.210043,0.992905,0.160310,0.019116,0.009658,0.989960,-0.721378,0.712990,2.832382,-0.733653,0.731245,2.337077,-0.724875,0.718646,2.661411,0.010170,0.019151,0.009675,0.010174,0.019203,0.210050,0.160271,0.019146,0.009648,,,,,,,,,
201,1.675000,-0.000052,-0.000059,0.000070,-1.000000,0.060253,0.019131,0.076460,0.000021,0.010228,0.019138,0.009663,0.995464,0.010227,0.019155,0.210052,0.995481,0.160305,0.019101,0.009664,0.994336,-0.721389,0.713017,2.832326,-0.733648,0.731266,2.337085,-0.724899,0.718670,2.661385,0.010167,0.019156,0.009679,0.010169,0.019187,0.210064,0.160274,0.019127,0.009658,,,,,,,,,
202,1.683333,-0.000087,-0.000065,0.000045,-1.000000,0.060251,0.019143,0.076466,0.000033,0.010224,0.019153,0.009670,0.995993,0.010226,0.019155,0.210059,0.995742,0.160302,0.019123,0.009670,0.992585,-0.724184,0.717024,2.823976,-0.733660,0.731238,2.337108,-0.724881,0.718638,2.661421,0.010156,0.019175,0.009681,0.010167,0.019183,0.210081,0.160276,0.019150,0.009661,,,,,,,,,
203,1.691667,0.000029,-0.000107,-0.000071,-1.000000,0.060256,0.019137,0.076457,0.000036,0.010224,0.019119,0.009665,0.992045,0.010242,0.019168,0.210054,0.992427,0.160301,0.019124,0.009652,0.988673,-0.724127,0.716932,2.824164,-0.733661,0.731239,2.337079,-0.724896,0.718669,2.661386,0.010147,0.019148,0.009673,0.010187,0.019192,0.210078,0.160272,0.019159,0.009641,,,,,,,,,
204,1.700000,-0.000018,-0.000073,-0.000014,-1.000000,0.060257,0.019137,0.076454,0.000027,0.010230,0.019131,0.009659,0.995761,0.010235,0.019161,0.210048,0.994105,0.160308,0.019119,0.009656,0.989996,-0.721395,0.713020,2.832262,-0.733657,0.731230,2.337107,-0.724888,0.718634,2.661409,0.010165,0.019149,0.009676,0.010170,0.019194,0.210064,0.160276,0.019151,0.009639,,,,,,,,,
205,1.708333,-0.000059,-0.000073,0.000056,-1.000000,0.060251,0.019131,0.076453,0.000026,0.010223,0.019138,0.009657,0.993784,0.010228,0.019152,0.210046,0.996277,0.160301,0.019105,0.009654,0.990169,-0.721416,0.713031,2.832262,-0.733666,0.731236,2.337120,-0.724881,0.718653,2.661406,0.010150,0.019159,0.009668,0.010174,0.019185,0.210056,0.160277,0.019127,0.009651,,,,,,,,,
206,1.716667,-0.000055,-0.000087,0.000002,-1.000000,0.060257,0.019134,0.076460,0.000023,0.010227,0.019134,0.009666,0.996763,0.010238,0.019150,0.210055,0.993902,0.160305,0.019117,0.009659,0.992251,-0.721416,0.713034,2.832284,-0.733667,0.731237,2.337106,-0.724890,0.718646,2.661373,0.010173,0.019151,0.009682,0.010181,0.019174,0.210077,0.160270,0.019148,0.009644,,,,,,,,,
207,1.725000,-0.000025,-0.000122,-0.000032,-1.000000,0.060256,0.019132,0.076461,0.000026,0.010222,0.019125,0.009671,0.994254,0.010247,0.019152,0.210059,0.994131,0.160300,0.019118,0.009653,0.992009,-0.721410,0.713037,2.832272,-0.733656,0.731245,2.337096,-0.724890,0.718651,2.661385,0.010158,0.019138,0.009693,0.010188,0.019187,0.210067,0.160268,0.019150,0.009640,,,,,,,,,
208,1.733333,-0.000043,-0.000095,-0.000009,-1.000000,0.060260,0.019141,0.076451,0.000020,0.010229,0.019139,0.009658,0.996100,0.010243,0.019159,0.210046,0.995915,0.160307,0.019125,0.009648,0.992823,-0.721382,0.712987,2.832318,-0.733655,0.731242,2.337099,-0.724878,0.718644,2.661370,0.010164,0.019160,0.009670,0.010189,0.019187,0.210062,0.160269,0.019154,0.009639,,,,,,,,,
209,1.741667,-0.000093,-0.000070,0.000112,-1.000000,0.060258,0.019139,0.076451,0.000031,0.010231,0.019155,0.009656,0.991290,0.010235,0.019155,0.210045,0.993837,0.160309,0.019105,0.009654,0.991590,-0.721409,0.712988,2.832351,-0.733665,0.731235,2.337086,-0.724895,0.718643,2.661421,0.010159,0.019170,0.009682,0.010180,0.019194,0.210044,0.160281,0.019132,0.009644,,,,,,,,,
210,1.750000,-0.000041,-0.000102,-0.000022,-1.000000,0.060263,0.019137,0.076456,0.000020,0.010231,0.019133,0.009664,0.995425,0.010248,0.019154,0.210053,0.995630,0.160309,0.019123,0.009652,0.993783,-0.721402,0.712990,2.832350,-0.733661,0.731235,2.337099,-0.724861,0.718646,2.661435,0.010167,0.019158,0.009670,0.010195,0.019183,0.210069,0.160270,0.019148,0.009650,,,,,,,,,
211,1.758333,-0.000028,-0.000075,0.000037,-1.000000,0.060268,0.019140,0.076454,0.000036,0.010240,0.019141,0.009659,0.995425,0.010245,0.019167,0.210047,0.995630,0.160318,0.019113,0.009655,0.993783,-0.724124,0.716962,2.824140,-0.733652,0.731252,2.337094,-0.724870,0.718653,2.661425,0.010163,0.019167,0.009665,0.010187,0.019196,0.210067,0.160292,0.019142,0.009646,,,,,,,,,
212,1.766667,-0.000036,-0.000107,0.000029,-1.000000,0.060255,0.019139,0.076448,0.000026,0.010223,0.019140,0.009657,0.991877,0.010241,0.019163,0.210045,0.992991,0.160301,0.019115,0.009644,0.988239,-0.724170,0.716996,2.824045,-0.733663,0.731265,2.337069,-0.724900,0.718652,2.661406,0.010149,0.019158,0.009671,0.010186,0.019199,0.210049,0.160272,0.019144,0.009641,,,,,,,,,
213,1.775000,-0.000050,-0.000066,0.000021,-1.000000,0.060267,0.019138,0.076450,0.000030,0.010240,0.019140,0.009654,0.992952,0.010243,0.019157,0.210043,0.996020,0.160318,0.019117,0.009653,0.991560,-0.721403,0.713015,2.832333,-0.733651,0.731235,2.337071,-0.724880,0.718641,2.661397,0.010171,0.019157,0.009678,0.010188,0.019192,0.210046,0.160292,0.019144,0.009647,,,,,,,,,
214,1.783333,-0.000104,-0.000081,0.000076,-1.000000,0.060270,0.019135,0.076455,0.000033,0.010242,0.019149,0.009660,0.991944,0.010250,0.019145,0.210049,0.994274,0.160320,0.019110,0.009655,0.991367,-0.721400,0.712988,2.832339,-0.733654,0.731238,2.337069,-0.724891,0.718650,2.661380,0.010170,0.019166,0.009680,0.010192,0.019178,0.210059,0.160299,0.019140,0.009645,,,,,,,,,
215,1.791667,-0.000043,-0.000131,-0.000021,-1.000000,0.060267,0.019149,0.076451,0.000029,0.010232,0.019146,0.009662,0.992400,0.010260,0.019166,0.210050,0.993989,0.160310,0.019136,0.009642,0.988740,-0.721415,0.713034,2.832293,-0.733671,0.731241,2.337092,-0.724902,0.718666,2.661388,0.010165,0.019166,0.009680,0.010195,0.019196,0.210069,0.160281,0.019167,0.009626,,,,,,,,,
216,1.800000,-0.000015,-0.000103,-0.000030,-1.000000,0.060266,0.019141,0.076458,0.000019,0.010235,0.019133,0.009666,0.995090,0.010251,0.019164,0.210054,0.993734,0.160312,0.019125,0.009654,0.989085,-0.721390,0.713023,2.832346,-0.733681,0.731260,2.337084,-0.724909,0.718669,2.661427,0.010177,0.019151,0.009688,0.010194,0.019200,0.210064,0.160272,0.019158,0.009642,,,,,,,,,
217,1.808333,-0.000069,-0.000124,-0.000005,-1.000000,0.060269,0.019143,0.076447,0.000024,0.010235,0.019145,0.009657,0.996426,0.010260,0.019155,0.210045,0.995125,0.160312,0.019130,0.009638,0.994528,-0.721432,0.713035,2.832251,-0.733671,0.731271,2.337061,-0.724895,0.718646,2.661383,0.010167,0.019166,0.009674,0.010204,0.019187,0.210056,0.160281,0.019159,0.009632,,,,,,,,,
218,1.816667,-0.000040,-0.000116,0.000044,-1.000000,0.060280,0.019141,0.076450,0.000017,0.010247,0.019144,0.009660,0.996347,0.010269,0.019165,0.210048,0.996869,0.160324,0.019114,0.009644,0.994315,-0.724135,0.716936,2.824123,-0.733668,0.731245,2.337100,-0.724884,0.718647,2.661369,0.010185,0.019162,0.009674,0.010216,0.019198,0.210058,0.160288,0.019141,0.009640,,,,,,,,,
219,1.825000,-0.000055,-0.000099,0.000036,-1.000000,0.060278,0.019140,0.076444,0.000036,0.010247,0.019144,0.009651,0.990683,0.010262,0.019159,0.210040,0.993658,0.160324,0.019116,0.009640,0.988763,-0.724088,0.716888,2.824202,-0.733661,0.731236,2.337085,-0.724883,0.718660,2.661338,0.010172,0.019158,0.009676,0.010209,0.019193,0.210047,0.160306,0.019145,0.009632,,,,,,,,,
220,1.833333,-0.000042,-0.000096,0.000009,-1.000000,0.060283,0.019139,0.076450,0.000021,0.010252,0.019139,0.009657,0.992520,0.010266,0.019159,0.210046,0.996558,0.160330,0.019120,0.009647,0.994956,-0.724155,0.716955,2.824035,-0.733668,0.731248,2.337080,-0.724900,0.718649,2.661399,0.010184,0.019158,0.009678,0.010217,0.019200,0.210043,0.160298,0.019139,0.009652,,,,,,,,,
221,1.841667,0.000036,-0.000095,0.000011,-1.000000,0.060283,0.019137,0.076448,0.000027,0.010252,0.019127,0.009655,0.995509,0.010266,0.019179,0.210043,0.993497,0.160330,0.019107,0.009645,0.990828,-0.724136,0.716987,2.824064,-0.733663,0.731250,2.337082,-0.724884,0.718663,2.661413,0.010190,0.019145,0.009679,0.010203,0.019210,0.210060,0.160296,0.019148,0.009628,,,,,,,,,
222,1.850000,-0.000071,-0.000137,0.000044,-1.000000,0.060279,0.019136,0.076444,0.000027,0.010243,0.019143,0.009655,0.993067,0.010274,0.019152,0.210044,0.994414,0.160321,0.019114,0.009633,0.992343,-0.724186,0.717002,2.823994,-0.733663,0.731245,2.337078,-0.724883,0.718647,2.661413,0.010177,0.019158,0.009680,0.010218,0.019190,0.210049,0.160291,0.019144,0.009625,,,,,,,,,
223,1.858333,-0.000000,-0.000130,-0.000009,-1.000000,0.060279,0.019139,0.076445,0.000025,0.010244,0.019131,0.009655,0.995982,0.010272,0.019168,0.210044,0.994196,0.160322,0.019117,0.009635,0.990759,-0.721398,0.713023,2.832281,-0.733664,0.731237,2.337098,-0.724899,0.718661,2.661405,0.010183,0.019151,0.009675,0.010210,0.019199,0.210061,0.160290,0.019150,0.009620,,,,,,,,,
224,1.866667,-0.000007,-0.000126,-0.000055,-1.000000,0.060287,0.019144,0.076436,0.000033,0.010253,0.019133,0.009646,0.992819,0.010279,0.019167,0.210035,0.992987,0.160330,0.019133,0.009627,0.989327,-0.724217,0.717031,2.823854,-0.733660,0.731243,2.337087,-0.724875,0.718628,2.661418,0.010181,0.019158,0.009655,0.010222,0.019192,0.210057,0.160302,0.019164,0.009619,,,,,,,,,
225,1.875000,-0.000011,-0.000112,0.000005,-1.000000,0.060287,0.019143,0.076438,0.000028,0.010254,0.019138,0.009646,0.991462,0.010275,0.019171,0.210035,0.994142,0.160332,0.019120,0.009632,0.993289,-0.724124,0.716950,2.824077,-0.733667,0.731243,2.337079,-0.724875,0.718628,2.661431,0.010187,0.019155,0.009675,0.010217,0.019215,0.210032,0.160302,0.019148,0.009630,,,,,,,,,
226,1.883333,-0.000058,-0.000110,0.000084,-1.000000,0.060285,0.019133,0.076443,0.000032,0.010252,0.019142,0.009651,0.991462,0.010272,0.019156,0.210040,0.994142,0.160330,0.019101,0.009637,0.993289,-0.721403,0.713031,2.832289,-0.733658,0.731252,2.337095,-0.724895,0.718660,2.661425,0.010183,0.019165,0.009664,0.010213,0.019184,0.210061,0.160302,0.019131,0.009626,,,,,,,,,
227,1.891667,-0.000073,-0.000107,0.000017,-1.000000,0.060288,0.019138,0.076443,0.000024,0.010256,0.019143,0.009651,0.993676,0.010275,0.019150,0.210040,0.993239,0.160334,0.019121,0.009638,0.989225,-0.721391,0.713044,2.832321,-0.733640,0.731251,2.337104,-0.724873,0.718652,2.661415,0.010193,0.019158,0.009677,0.010218,0.019192,0.210039,0.160299,0.019150,0.009633,,,,,,,,,
228,1.900000,-0.000047,-0.000099,0.000033,-1.000000,0.060292,0.019142,0.076441,0.000032,0.010261,0.019144,0.009649,0.993127,0.010276,0.019163,0.210037,0.994554,0.160339,0.019118,0.009638,0.994341,-0.721395,0.713047,2.832277,-0.733659,0.731278,2.337059,-0.724886,0.718663,2.661396,0.010195,0.019158,0.009674,0.010213,0.019201,0.210048,0.160311,0.019156,0.009622,,,,,,,,,
229,1.908333,-0.000025,-0.000122,0.000002,-1.000000,0.060296,0.019138,0.076442,0.000024,0.010262,0.019135,0.009651,0.993403,0.010286,0.019162,0.210040,0.992894,0.160339,0.019118,0.009634,0.989877,-0.721376,0.713041,2.832280,-0.733656,0.731263,2.337058,-0.724899,0.718647,2.661454,0.010203,0.019157,0.009666,0.010229,0.019191,0.210063,0.160303,0.019153,0.009621,,,,,,,,,
230,1.916667,-0.000065,-0.000102,0.000024,-1.000000,0.060297,0.019142,0.076437,0.000025,0.010265,0.019146,0.009644,0.996128,0.010282,0.019157,0.210033,0.993857,0.160343,0.019122,0.009633,0.992033,-0.721393,0.713019,2.832295,-0.733653,0.731242,2.337075,-0.724877,0.718664,2.661401,0.010198,0.019170,0.009659,0.010225,0.019186,0.210052,0.160308,0.019155,0.009623,,,,,,,,,
231,1.925000,-0.000044,-0.000143,0.000044,-1.000000,0.060300,0.019139,0.076432,0.000030,0.010263,0.019143,0.009644,0.995306,0.010296,0.019162,0.210032,0.994745,0.160341,0.019113,0.009620,0.991352,-0.721407,0.713031,2.832265,-0.733649,0.731254,2.337067,-0.724886,0.718641,2.661402,0.010191,0.019160,0.009667,0.010240,0.019201,0.210035,0.160312,0.019139,0.009613,,,,,,,,,
232,1.933333,0.000013,-0.000141,-0.000030,-1.000000,0.060299,0.019142,0.076434,0.000029,0.010262,0.019131,0.009646,0.991937,0.010294,0.019173,0.210034,0.994321,0.160340,0.019123,0.009622,0.991551,-0.724170,0.716995,2.823997,-0.733639,0.731255,2.337085,-0.724874,0.718632,2.661403,0.010191,0.019152,0.009666,0.010237,0.019207,0.210045,0.160313,0.019153,0.009614,,,,,,,,,
233,1.941667,-0.000020,-0.000131,0.000048,-1.000000,0.060299,0.019153,0.076427,0.000027,0.010264,0.019153,0.009637,0.994956,0.010292,0.019182,0.210026,0.994438,0.160341,0.019122,0.009617,0.990467,-0.724084,0.716906,2.824165,-0.733651,0.731239,2.337065,-0.724875,0.718658,2.661419,0.010197,0.019173,0.009656,0.010232,0.019217,0.210041,0.160311,0.019156,0.009603,,,,,,,,,
234,1.950000,-0.000016,-0.000154,-0.000082,-1.000000,0.060304,0.019146,0.076430,0.000024,0.010266,0.019133,0.009643,0.995558,0.010304,0.019164,0.210032,0.994630,0.160344,0.019141,0.009616,0.991473,-0.721402,0.713043,2.832239,-0.733647,0.731238,2.337087,-0.724860,0.718669,2.661410,0.010202,0.019154,0.009664,0.010245,0.019196,0.210047,0.160311,0.019177,0.009603,,,,,,,,,
235,1.958333,-0.000033,-0.000158,0.000013,-1.000000,0.060305,0.019138,0.076424,0.000026,0.010266,0.019137,0.009637,0.994617,0.010305,0.019161,0.210026,0.995522,0.160344,0.019116,0.009609,0.990214,-0.721374,0.713008,2.832319,-0.733642,0.731243,2.337088,-0.724890,0.718653,2.661392,0.010197,0.019156,0.009652,0.010247,0.019195,0.210040,0.160317,0.019144,0.009602,,,,,,,,,
236,1.966667,-0.000037,-0.000142,0.000001,-1.000000,0.060303,0.019136,0.076423,0.000039,0.010266,0.019134,0.009635,0.991663,0.010299,0.019156,0.210024,0.990575,0.160344,0.019117,0.009611,0.988742,-0.721406,0.713035,2.832268,-0.733645,0.731240,2.337074,-0.724881,0.718645,2.661405,0.010196,0.019163,0.009639,0.010244,0.019176,0.210054,0.160315,0.019148,0.009599,,,,,,,,,
237,1.975000,-0.000028,-0.000135,-0.000043,-1.000000,0.060312,0.019134,0.076433,0.000028,0.010276,0.019127,0.009644,0.993656,0.010305,0.019153,0.210032,0.995928,0.160354,0.019123,0.009622,0.989688,-0.721379,0.713027,2.832275,-0.733658,0.731222,2.337063,-0.724877,0.718644,2.661386,0.010201,0.019149,0.009657,0.010253,0.019183,0.210046,0.160329,0.019149,0.009616,,,,,,,,,
238,1.983333,-0.000037,-0.000163,0.000046,-1.000000,0.060314,0.019143,0.076423,0.000025,0.010274,0.019146,0.009637,0.993229,0.010315,0.019168,0.210026,0.996223,0.160352,0.019115,0.009607,0.991590,-0.724160,0.716994,2.823961,-0.733649,0.731241,2.337054,-0.724884,0.718671,2.661388,0.010197,0.019175,0.009642,0.010260,0.019202,0.210039,0.160321,0.019138,0.009611,,,,,,,,,
239,1.991667,0.000007,-0.000123,-0.000009,-1.000000,0.060317,0.019130,0.076437,0.000023,0.010283,0.019121,0.009646,0.996198,0.010308,0.019161,0.210035,0.994319,0.160361,0.019108,0.009628,0.992112,-0.724092,0.716923,2.824129,-0.733662,0.731254,2.337071,-0.724876,0.718638,2.661401,0.010221,0.019143,0.009660,0.010247,0.019191,0.210055,0.160323,0.019140,0.009617,,,,,,,,,
240,2.000000,-0.000036,-0.000146,-0.000014,-1.000000,0.060321,0.019143,0.076421,0.000025,0.010284,0.019139,0.009633,0.996571,0.010318,0.019162,0.210021,0.993552,0.160362,0.019127,0.009608,0.991069,-0.721397,0.712979,2.832330,-0.733650,0.731245,2.337071,-0.724863,0.718640,2.661391,0.010225,0.019160,0.009651,0.010257,0.019189,0.210043,0.160326,0.019162,0.009589,,,,,,,,,
241,2.008333,-0.000035,-0.000159,-0.000017,-1.000000,0.060325,0.019140,0.076425,0.000026,0.010286,0.019136,0.009639,0.996571,0.010326,0.019159,0.210027,0.993552,0.160364,0.019124,0.009610,0.991069,-0.721394,0.713026,2.832273,-0.733663,0.731248,2.337068,-0.724890,0.718651,2.661395,0.010220,0.019155,0.009661,0.010264,0.019191,0.210039,0.160329,0.019162,0.009596,,,,,,,,,
242,2.016667,-0.000033,-0.000150,0.000039,-1.000000,0.060326,0.019136,0.076420,0.000028,0.010288,0.019137,0.009633,0.994708,0.010324,0.019161,0.210021,0.994120,0.160366,0.019109,0.009607,0.991663,-0.724125,0.716952,2.824058,-0.733638,0.731242,2.337080,-0.724876,0.718644,2.661398,0.010218,0.019157,0.009657,0.010269,0.019200,0.210028,0.160335,0.019138,0.009599,,,,,,,,,
243,2.025000,-0.000007,-0.000178,0.000006,-1.000000,0.060328,0.019147,0.076421,0.000029,0.010287,0.019141,0.009636,0.992888,0.010334,0.019176,0.210025,0.994587,0.160364,0.019123,0.009602,0.991857,-0.724114,0.716917,2.824103,-0.733654,0.731271,2.337065,-0.724881,0.718664,2.661418,0.010221,0.019158,0.009664,0.010276,0.019214,0.210031,0.160336,0.019153,0.009593,,,,,,,,,
244,2.033333,-0.000041,-0.000129,0.000040,-1.000000,0.060328,0.019150,0.076425,0.000027,0.010293,0.019152,0.009635,0.992691,0.010320,0.019173,0.210024,0.993561,0.160370,0.019124,0.009615,0.991747,-0.721377,0.713031,2.832278,-0.733642,0.731252,2.337080,-0.724862,0.718656,2.661377,0.010226,0.019173,0.009657,0.010261,0.019209,0.210036,0.160339,0.019157,0.009602,,,,,,,,,
245,2.041667,0.000015,-0.000130,-0.000042,-1.000000,0.060328,0.019147,0.076413,0.000029,0.010293,0.019134,0.009623,0.994501,0.010321,0.019178,0.210012,0.994172,0.160370,0.019130,0.009603,0.991009,-0.724204,0.717037,2.823893,-0.733639,0.731260,2.337094,-0.724874,0.718672,2.661362,0.010225,0.019153,0.009646,0.010258,0.019215,0.210021,0.160340,0.019163,0.009590,,,,,,,,,
246,2.050000,-0.000078,-0.000167,0.000043,-1.000000,0.060333,0.019150,0.076408,0.000026,0.010293,0.019157,0.009622,0.993699,0.010335,0.019163,0.210011,0.993715,0.160370,0.019128,0.009591,0.990707,-0.724126,0.716953,2.824063,-0.733662,0.731254,2.337061,-0.724874,0.718664,2.661400,0.010230,0.019170,0.009650,0.010273,0.019206,0.210010,0.160335,0.019158,0.009582,,,,,,,,,
247,2.058333,-0.000030,-0.000151,-0.000003,-1.000000,0.060336,0.019144,0.076422,0.000034,0.010298,0.019141,0.009634,0.993101,0.010334,0.019166,0.210023,0.993591,0.160376,0.019125,0.009608,0.993840,-0.721382,0.713032,2.832262,-0.733645,0.731261,2.337082,-0.724880,0.718657,2.661408,0.010225,0.019162,0.009652,0.010276,0.019195,0.210042,0.160357,0.019156,0.009598,,,,,,,,,
248,2.066667,-0.000045,-0.000183,-0.000001,-1.000000,0.060334,0.019152,0.076409,0.000020,0.010292,0.019151,0.009625,0.994759,0.010341,0.019171,0.210013,0.995697,0.160369,0.019135,0.009589,0.994181,-0.721409,0.713023,2.832268,-0.733641,0.731246,2.337092,-0.724889,0.718675,2.661363,0.010226,0.019172,0.009645,0.010283,0.019211,0.210019,0.160331,0.019164,0.009585,,,,,,,,,
249,2.075000,-0.000041,-0.000154,0.000022,-1.000000,0.060349,0.019146,0.076408,0.000024,0.010310,0.019147,0.009621,0.995997,0.010348,0.019168,0.210009,0.993851,0.160388,0.019124,0.009593,0.992132,-0.721391,0.712998,2.832350,-0.733643,0.731243,2.337088,-0.724851,0.718683,2.661380,0.010251,0.019163,0.009644,0.010287,0.019203,0.210024,0.160351,0.019160,0.009576,,,,,,,,,
